Workbook

Sheet Salários
A1: m
B4: Colaborador | C4: Chave | D4: Data de pagameno | E4: Salário/ dia | F4: Dias trabalhados | G4: Salário mês | H4: Horas trabalhadas | I4: Valor por hora | J4: Extra trab | K4: Valor extra | L4: Sab/ Dom/ Feriado | M4: Adiantamento | N4: Falta/ Desc | O4: Valor do Pagamento | P4: Pix | Q4: Observação | R4: Coluna1
C5: =MONTH(D5)& "-" &YEAR(D5) -> 12-1899
B6: Anderson | C6: =MONTH(D6)& "-" &YEAR(D6) -> 9-2023 | D6: 45171 | E6: =(2000/30) -> 66.666667 | F6: 30 | G6: =(E6*F6) -> 2000 | H6: 250 | I6: 20 | J6: 22 | K6: 20 | L6: 4 | M6: 1300 | N6: 0 | O6: =(G6)+(H6*I6)+(J6*K6)+(L6*100)-(M6) -> 6540 | P6: 35991762704 | R6: OK
B7: Cleiton | C7: =MONTH(D7)& "-" &YEAR(D7) -> 9-2023 | D7: 45171 | E7: =(2000/30) -> 66.666667 | F7: 30 | G7: =(E7*F7) -> 2000 | H7: 212 | I7: 14 | J7: 3.2 | K7: 14 | L7: 0 | M7: 0 | N7: 0 | O7: =(G7)+(H7*I7)+(J7*K7)+(L7*100)-(M7) -> 5012.8 | P7: stlcleiton751@gmail.com | R7: OK
B8: caio | C8: =MONTH(D8)& "-" &YEAR(D8) -> 9-2023 | D8: 45174 | E8: 50 | F8: 30 | G8: =(E8*F8) -> 1500 | H8: 178.6 | I8: 10 | J8: 3.5 | K8: 10 | L8: 3.5 | M8: 0 | N8: 0 | O8: =(G8)+(H8*I8)+(J8*K8)+(L8*100)-(M8) -> 3671 | P8: 15175052675 | Q8: Filipe pagou | R8: OK
B9: Cristiano | C9: =MONTH(D9)& "-" &YEAR(D9) -> 9-2023 | D9: 45171 | E9: 120 | F9: 30 | G9: =(E9*F9) -> 3600 | H9: 0 | I9: 0 | J9: 0 | K9: 0 | L9: 0 | M9: 0 | N9: 0 | O9: =(G9)+(H9*I9)+(J9*K9)+(L9*100)-(M9) -> 3600 | P9: Ag 3180 - Cc: 58076 | R9: OK
B10: Silvinho | C10: =MONTH(D10)& "-" &YEAR(D10) -> 9-2023 | D10: 45175 | E10: 100 | F10: 30 | G10: =(E10*F10) -> 3000 | H10: 205.9 | I10: 10 | J10: 17.8 | K10: 10 | L10: 2 | M10: 0 | N10: 0 | O10: =(G10)+(H10*I10)+(J10*K10)+(L10*100)-(M10) -> 5437 | P10: 35998195061 | R10: OK
B11: Tamiro | C11: =MONTH(D11)& "-" &YEAR(D11) -> 9-2023 | D11: 45174 | E11: 200 | F11: 30 | G11: =(E11*F11) -> 6000 | H11: 231 | I11: 0 | J11: 0 | K11: 0 | L11: 0 | M11: 0 | N11: 0 | O11: =(G11)+(H11*I11)+(J11*K11)+(L11*100)-(M11) -> 6000 | P11: Cheque | R11: OK
B12: Graziele | C12: =MONTH(D12)& "-" &YEAR(D12) -> 9-2023 | D12: 45171 | E12: 69.6667 | F12: 30 | G12: =(E12*F12) -> 2090.001 | H12: 0 | I12: 0 | J12: 0 | K12: 0 | L12: 0 | M12: 0 | N12: 0 | O12: =(G12)+(H12*I12)+(J12*K12)+(L12*100)-(M12) -> 2090.001 | P12: 38974715821 | R12: OK
B13: Vinicius | C13: =MONTH(D13)& "-" &YEAR(D13) -> 9-2023 | D13: 45175 | E13: 175 | F13: 30 | G13: 5250 | H13: 0 | I13: 0 | J13: 0 | K13: 0 | L13: 0 | M13: 0 | N13: 0 | O13: =(G13)+(H13*I13)+(J13*K13)+(L13*100)-(M13) -> 5250 | R13: OK
B14: Guri | C14: =MONTH(D14)& "-" &YEAR(D14) -> 9-2023 | D14: 45175 | E14: 56.6 | F14: 30 | G14: 1700 | H14: 137.2 | I14: 8 | L14: 0.5 | M14: 180 | N14: 0 | O14: =(G14)+(H14*I14)+(J14*K14)+(L14*100)-(M14) -> 2667.6 | P14: 3597287575 | R14: OK
B15: Samuel | C15: =MONTH(D15)& "-" &YEAR(D15) -> 9-2023 | D15: 45175 | E15: =(2000/30) -> 66.666667 | F15: 30 | G15: =(E15*F15) -> 2000 | H15: 199.8 | I15: 2.5 | J15: 0 | K15: 0 | L15: 0 | M15: 0 | N15: 0 | O15: =(G15)+(H15*I15)+(J15*K15)+(L15*100)-(M15) -> 2499.5 | P15: 12931826642 | R15: OK
O16: =(G16)+(H16*I16)+(J16*K16)+(L16*100)-(M16) -> 0
B19: Anderson | C19: =MONTH(D19)& "-" &YEAR(D19) -> 10-2023 | D19: 45203 | E19: =(2000/30) -> 66.666667 | F19: =(30-'Salários'!$N19) -> 30 | G19: =(E19*F19) -> 2000 | H19: 125 | I19: 20 | J19: 1 | K19: 20 | L19: 6 | M19: 1300 | O19: =(G19)+(H19*I19)+(J19*K19)+(L19*100)-(M19) -> 3820 | P19: 35991762704 | R19: ok
B20: Mimi | C20: =MONTH(D20)& "-" &YEAR(D20) -> 10-2023 | D20: 45203 | E20: 110 | F20: 30 | G20: 3300 | O20: =(G20)+(H20*I20)+(J20*K20)+(L20*100)-(M20) -> 3300 | Q20: Recisão: R$ 6564,74 | R20: OK
B21: caio | C21: =MONTH(D21)& "-" &YEAR(D21) -> 10-2023 | D21: 45203 | E21: 50 | F21: =(30-'Salários'!$N21) -> 29 | G21: =(E21*F21) -> 1450 | H21: 203.1 | I21: 10 | J21: 6.3 | K21: 10 | L21: 100 | N21: 1 | O21: =(G21)+(H21*I21)+(J21*K21)+(L21)-(M21) -> 3644 | P21: 15175052675 | Q21: Faltou 09/09 | R21: ok
B22: Cristiano | C22: =MONTH(D22)& "-" &YEAR(D22) -> 10-2023 | D22: 45203 | E22: 120 | F22: 17 | G22: =(E22*F22) -> 2040 | H22: 1 | I22: 100 | O22: =(G22)+(H22*I22)+(J22*K22)+(L22*100)-(M22) -> 2140 | P22: Ag 3180 - Cc: 58076 | R22: OK
B23: Silvinho | C23: =MONTH(D23)& "-" &YEAR(D23) -> 10-2023 | D23: 45203 | E23: 100 | F23: =(30-'Salários'!$N23) -> 30 | G23: =(E23*F23) -> 3000 | H23: 238.1 | I23: 13 | J23: 20.2 | K23: 13 | L23: 1 | O23: =(G23)+(H23*I23)+(J23*K23)+(L23*100)-(M23) -> 6457.9 | P23: 35998195061 | R23: OK
B24: Tamiro | C24: =MONTH(D24)& "-" &YEAR(D24) -> 10-2023 | D24: 45203 | E24: 200 | F24: =(30-'Salários'!$N24) -> 30 | G24: =(E24*F24) -> 6000 | I24: 0 | O24: =(G24)+(H24*I24)+(J24*K24)+(L24*100)-(M24) -> 6000 | P24: Cheque | R24: OK
B25: Graziele | C25: =MONTH(D25)& "-" &YEAR(D25) -> 10-2023 | D25: 45203 | E25: 69.6667 | F25: =(30-'Salários'!$N25) -> 30 | G25: =(E25*F25) -> 2090.001 | H25: 1 | I25: 342.7 | O25: =(G25)+(H25*I25)+(J25*K25)+(L25*100)-(M25) -> 2432.701 | P25: 38974715821 | R25: OK
B26: Vinicius | C26: =MONTH(D26)& "-" &YEAR(D26) -> 10-2023 | D26: 45203 | E26: 175 | F26: =(30-'Salários'!$N26) -> 30 | G26: =(E26*F26) -> 5250 | I26: 0 | M26: 2000 | O26: =(G26)+(H26*I26)+(J26*K26)+(L26*100)-(M26) -> 3250
B27: Guri | C27: =MONTH(D27)& "-" &YEAR(D27) -> 10-2023 | D27: 45203 | E27: =(1700/30) -> 56.666667 | F27: =(30-'Salários'!$N27) -> 30 | G27: =(E27*F27) -> 1700 | H27: 202.3 | I27: 8 | L27: 1 | M27: 400 | O27: =(G27)+(H27*I27)+(J27*K27)+(L27*100)-(M27) -> 3018.4 | P27: 3597287575 | Q27: DESCONTADO 120,00/ OK | R27: 2898.4
B28: Samuel | C28: =MONTH(D28)& "-" &YEAR(D28) -> 10-2023 | D28: 45203 | E28: =(2000/30) -> 66.666667 | F28: =(30-'Salários'!$N28) -> 30 | G28: =(E28*F28) -> 2000 | H28: 155.1 | I28: 3 | M28: 150 | O28: =(G28)+(H28*I28)+(J28*K28)+(L28*100)-(M28) -> 2315.3 | P28: 12931826642 | R28: OK
C29: =MONTH(D29)& "-" &YEAR(D29) -> 12-1899 | G29: =(E29*F29) -> 0 | O29: =(G29)+(H29*I29)+(J29*K29)+(L29*100)-(M29) -> 0
C30: =MONTH(D30)& "-" &YEAR(D30) -> 12-1899 | G30: =(E30*F30) -> 0 | O30: =(G30)+(H30*I30)+(J30*K30)+(L30*100)-(M30) -> 0
C31: =MONTH(D31)& "-" &YEAR(D31) -> 12-1899 | G31: =(E31*F31) -> 0 | O31: =(G31)+(H31*I31)+(J31*K31)+(L31*100)-(M31) -> 0
B32: Anderson | C32: =MONTH(D32)& "-" &YEAR(D32) -> 11-2023 | D32: 45233 | E32: =(2000/30) -> 66.666667 | F32: =(30-'Salários'!$N32) -> 30 | G32: =(E32*F32) -> 2000 | H32: 186 | I32: 20 | J32: 6 | K32: 20 | L32: 5 | M32: 1200 | O32: =(G32)+(H32*I32)+(J32*K32)+(L32*100)-(M32) -> 5140 | P32: 35991762704 | Q32: Conferido ok
C33: =MONTH(D33)& "-" &YEAR(D33) -> 11-2023 | D33: 45234 | F33: =(30-'Salários'!$N33) -> 30 | O33: =(G33)+(H33*I33)+(J33*K33)+(L33*100)-(M33) -> 0
B34: caio | C34: =MONTH(D34)& "-" &YEAR(D34) -> 11-2023 | D34: 45235 | E34: 50 | F34: =(30-'Salários'!$N34) -> 30 | G34: =(E34*F34) -> 1500 | H34: 157 | I34: 10 | J34: 2.4 | K34: 3.33 | L34: 1 | M34: 200 | O34: =(G34)+(H34*I34)+(J34*K34)+(L34*100)-(M34) -> 2977.992 | P34: 15175052675 | Q34: Conferido, confirmar sabado
B35: Cristiano | C35: =MONTH(D35)& "-" &YEAR(D35) -> 11-2023 | D35: 45236 | E35: 120 | F35: 17 | G35: =(E35*F35) -> 2040 | H35: 1 | I35: 233.7 | O35: =(G35)+(H35*I35)+(J35*K35)+(L35*100)-(M35) -> 2273.7 | P35: Ag 3180 - Cc: 58076 | Q35: Conferido ok
B36: Silvinho | C36: =MONTH(D36)& "-" &YEAR(D36) -> 11-2023 | D36: 45237 | E36: 100 | F36: =(30-'Salários'!$N36) -> 30 | G36: =(E36*F36) -> 3000 | H36: 224.3 | I36: 13 | J36: 15.5 | K36: 13 | L36: 6 | O36: =(G36)+(H36*I36)+(J36*K36)+(L36*100)-(M36) -> 6717.4 | P36: 35998195061 | Q36: Conferido ok
B37: Tamiro | C37: =MONTH(D37)& "-" &YEAR(D37) -> 11-2023 | D37: 45238 | E37: 200 | F37: =(30-'Salários'!$N37) -> 30 | G37: =(E37*F37) -> 6000 | I37: 0 | O37: =(G37)+(H37*I37)+(J37*K37)+(L37*100)-(M37) -> 6000 | P37: Cheque
B38: Graziele | C38: =MONTH(D38)& "-" &YEAR(D38) -> 11-2023 | D38: 45239 | E38: 69.6667 | F38: =(30-'Salários'!$N38) -> 30 | G38: 2300 | O38: =(G38)+(H38*I38)+(J38*K38)+(L38*100)-(M38) -> 2300 | P38: 38974715821 | Q38: Conferido ok
B39: Vinicius | C39: =MONTH(D39)& "-" &YEAR(D39) -> 11-2023 | D39: 45240 | E39: 175 | F39: =(30-'Salários'!$N39) -> 30 | G39: =(E39*F39) -> 5250 | I39: 0 | O39: =(G39)+(H39*I39)+(J39*K39)+(L39*100)-(M39) -> 5250
B40: Guri | C40: =MONTH(D40)& "-" &YEAR(D40) -> 11-2023 | D40: 45241 | E40: =(2000/30) -> 66.666667 | F40: =(30-'Salários'!$N40) -> 30 | G40: =(E40*F40) -> 2000 | H40: 195 | I40: 8 | J40: 3.2 | M40: 350 | O40: =(G40)+(H40*I40)+(J40*K40)+(L40*100)-(M40) -> 3210 | P40: 3597287575
B41: Samuel | C41: =MONTH(D41)& "-" &YEAR(D41) -> 11-2023 | D41: 45242 | E41: =(2000/30) -> 66.666667 | F41: =(30-'Salários'!$N41) -> 30 | G41: 2000 | H41: 207.2 | I41: 3 | J41: 2.7 | M41: 380 | O41: =(G41)+(H41*I41)+(J41*K41)+(L41*100)-(M41) -> 2241.6 | P41: 12931826642
C42: =MONTH(D42)& "-" &YEAR(D42) -> 12-1899 | G42: =(E42*F42) -> 0 | O42: =(G42)+(H42*I42)+(J42*K42)+(L42*100)-(M42) -> 0
C43: =MONTH(D43)& "-" &YEAR(D43) -> 12-1899 | G43: =(E43*F43) -> 0 | O43: =(G43)+(H43*I43)+(J43*K43)+(L43*100)-(M43) -> 0
C44: =MONTH(D44)& "-" &YEAR(D44) -> 12-1899 | G44: =(E44*F44) -> 0 | O44: =(G44)+(H44*I44)+(J44*K44)+(L44*100)-(M44) -> 0
C45: =MONTH(D45)& "-" &YEAR(D45) -> 12-1899 | G45: =(E45*F45) -> 0 | O45: =(G45)+(H45*I45)+(J45*K45)+(L45*100)-(M45) -> 0
B46: Anderson | C46: =MONTH(D46)& "-" &YEAR(D46) -> 12-2023 | D46: 45265 | E46: =(2000/30) -> 66.666667 | F46: =(30-'Salários'!$N46) -> #VALUE! | G46: 2440 | H46: 202 | I46: 20 | J46: 5 | K46: 20 | L46: 2 | M46: 1600 | O46: =(G46)+(H46*I46)+(J46*K46)+(L46*100)-(M46) -> 5180 | P46: 35991762704 | Q46: Décimo 1120,00
B47: beto | C47: =MONTH(D47)& "-" &YEAR(D47) -> 12-2023 | D47: 45266 | G47: 3500 | M47: 4 dias | O47: =(G47)+(H47*I47)+(J47*K47)+(L47*100)-(M47) -> #VALUE! | Q47: Rescisão 5****
B48: caio | C48: =MONTH(D48)& "-" &YEAR(D48) -> 12-2023 | D48: 45267 | E48: 50 | F48: =(30-'Salários'!$N48) -> 30 | G48: =(E48*F48) -> 1500 | H48: 215.5 | I48: 15 | J48: 6.5 | K48: 3.33 | L48: 4 | O48: =(G48)+(H48*I48)+(J48*K48)+(L48*100)-(M48) -> 5154.145 | P48: 15175052675 | Q48: Décimo 903,36
B49: Cristiano | C49: =MONTH(D49)& "-" &YEAR(D49) -> 12-2023 | D49: 45268 | E49: 120 | F49: 17 | G49: =(E49*F49) -> 2040 | I49: 0 | J49: 1 | K49: 935.4 | O49: =(G49)+(H49*I49)+(J49*K49)+(L49*100)-(M49) -> 2975.4 | P49: Ag 3180 - Cc: 58076
B50: Silvinho | C50: =MONTH(D50)& "-" &YEAR(D50) -> 12-2023 | D50: 45269 | E50: 100 | F50: =(30-'Salários'!$N50) -> 30 | G50: =(E50*F50) -> 3000 | H50: 227.6 | I50: 13 | J50: 16.7 | K50: 13 | L50: 5 | O50: =(G50)+(H50*I50)+(J50*K50)+(L50*100)-(M50) -> 6675.9 | P50: 35998195061 | Q50: Décimo 816
B51: Wendel Rodrigo | C51: =MONTH(D51)& "-" &YEAR(D51) -> 12-2023 | D51: 45270 | E51: =(2000/30) -> 66.666667 | F51: =(30-'Salários'!$N51) -> 30 | G51: =(E51*F51) -> 2000 | H51: 127.1 | I51: 10 | L51: 1.5 | O51: =(G51)+(H51*I51)+(J51*K51)+(L51*100)-(M51) -> 3421 | P51: 35997404188
B52: Graziele | C52: =MONTH(D52)& "-" &YEAR(D52) -> 12-2023 | D52: 45271 | E52: 79.6667 | F52: =(30-'Salários'!$N52) -> 30 | G52: =(E52*F52) -> 2390.001 | H52: 1 | I52: 170 | O52: =(G52)+(H52*I52)+(J52*K52)+(L52*100)-(M52) -> #VALUE! | P52: 38974715821
B53: Vinicius | C53: =MONTH(D53)& "-" &YEAR(D53) -> 12-2023 | D53: 45272 | E53: 175 | F53: =(30-'Salários'!$N53) -> 30 | G53: =(E53*F53) -> 5250 | I53: 0 | O53: =(G53)+(H53*I53)+(J53*K53)+(L53*100)-(M53) -> 5250
B54: Guri | C54: =MONTH(D54)& "-" &YEAR(D54) -> 12-2023 | D54: 45273 | E54: =(2000/30) -> 66.666667 | F54: =(30-'Salários'!$N54) -> 30 | G54: =(E54*F54) -> 2000 | H54: 144.6 | I54: 8 | L54: 2 | M54: 300 | O54: =(G54)+(H54*I54)+(J54*K54)+(L54*100)-(M54) -> 3056.8 | P54: 3597287575 | Q54: Décimo 328,5
B55: Samuel | C55: =MONTH(D55)& "-" &YEAR(D55) -> 12-2023 | D55: 45274 | E55: =(2000/30) -> 66.666667 | F55: =(30-'Salários'!$N55) -> 30 | G55: 2000 | H55: 143.6 | I55: 3 | L55: 2 | M55: 520 | O55: =(G55)+(H55*I55)+(J55*K55)+(L55*100)-(M55) -> 2110.8 | P55: 12931826642 | Q55: Décimo 82,12
C56: =MONTH(D56)& "-" &YEAR(D56) -> 12-1899 | O56: =(G56)+(H56*I56)+(J56*K56)+(L56*100)-(M56) -> 0
C57: =MONTH(D57)& "-" &YEAR(D57) -> 12-1899 | G57: =(E57*F57) -> 0 | O57: 0
C58: =MONTH(D58)& "-" &YEAR(D58) -> 12-1899 | G58: =(E58*F58) -> 0 | O58: =(G58)+(H58*I58)+(J58*K58)+(L58*100)-(M58) -> 0
C59: =MONTH(D59)& "-" &YEAR(D59) -> 12-1899 | G59: =(E59*F59) -> 0 | O59: =(G59)+(H59*I59)+(J59*K59)+(L59*100)-(M59) -> 0
B60: Anderson | C60: =MONTH(D60)& "-" &YEAR(D60) -> 1-2024 | D60: 45293 | E60: 81.33333 | F60: =(30-'Salários'!$N60) -> 30 | G60: =(E60*F60) -> 2439.9999 | H60: 182 | I60: 20 | J60: 2 | K60: 20 | M60: 1200 | O60: =(G60)+(H60*I60)+(J60*K60)+(L60*100)-(M60) -> 4919.9999 | P60: 35991762704
B61: beto | C61: =MONTH(D61)& "-" &YEAR(D61) -> 1-2024 | D61: 45293 | F61: =(30-'Salários'!$N61) -> 30 | G61: 3500 | M61: 1000 | O61: =(G61)+(H61*I61)+(J61*K61)+(L61*100)-(M61) -> 2500
B62: caio | C62: =MONTH(D62)& "-" &YEAR(D62) -> 1-2024 | D62: 45293 | E62: 50 | F62: =(30-'Salários'!$N62) -> 30 | G62: =(E62*F62) -> 1500 | H62: 203.7 | I62: 10 | J62: 4.3 | K62: 3.33 | O62: =(G62)+(H62*I62)+(J62*K62)+(L62*100)-(M62) -> 3551.319 | P62: 15175052675
B63: Cristiano | C63: =MONTH(D63)& "-" &YEAR(D63) -> 1-2024 | D63: 45293 | E63: 120 | F63: 17 | G63: =(E63*F63) -> 2040 | I63: 0 | O63: =(G63)+(H63*I63)+(J63*K63)+(L63*100)-(M63) -> 2040 | P63: Ag 3180 - Cc: 58076
B64: Silvinho | C64: =MONTH(D64)& "-" &YEAR(D64) -> 1-2024 | D64: 45293 | E64: 100 | F64: =(30-'Salários'!$N64) -> 30 | G64: =(E64*F64) -> 3000 | H64: 198.1 | I64: 13 | J64: 25 | K64: 13 | L64: 4 | O64: =(G64)+(H64*I64)+(J64*K64)+(L64*100)-(M64) -> 6300.3 | P64: 35998195061
B65: Wendel | C65: =MONTH(D65)& "-" &YEAR(D65) -> 1-2024 | D65: 45293 | E65: =G65/F65 -> 66.666667 | F65: =(30-'Salários'!$N65) -> 30 | G65: 2000 | H65: 148.1 | I65: 10 | L65: 1 | M65: 150 | O65: =(G65)+(H65*I65)+(J65*K65)+(L65*100)-(M65) -> 3431 | P65: 35997404188
B66: Graziele | C66: =MONTH(D66)& "-" &YEAR(D66) -> 1-2024 | D66: 45293 | E66: 69.6667 | F66: =(30-'Salários'!$N66) -> 30 | G66: 2390 | H66: 1 | I66: 435.21 | O66: =(G66)+(H66*I66)+(J66*K66)+(L66*100)-(M66) -> 2825.21 | P66: 38974715821
B67: Vinicius | C67: =MONTH(D67)& "-" &YEAR(D67) -> 1-2024 | D67: 45293 | E67: 175 | F67: =(30-'Salários'!$N67) -> 30 | G67: =(E67*F67) -> 5250 | I67: 0 | O67: =(G67)+(H67*I67)+(J67*K67)+(L67*100)-(M67) -> 5250
B68: Guri | C68: =MONTH(D68)& "-" &YEAR(D68) -> 1-2024 | D68: 45293 | E68: =(2000/30) -> 66.666667 | F68: =(30-'Salários'!$N68) -> 30 | G68: =(E68*F68) -> 2000 | H68: 100.5 | I68: 8 | L68: 1 | M68: 1000 | O68: =(G68)+(H68*I68)+(J68*K68)+(L68*100)-(M68) -> 1904 | P68: 3597287575
B69: Samuel | C69: =MONTH(D69)& "-" &YEAR(D69) -> 1-2024 | D69: 45293 | E69: =(2000/30) -> 66.666667 | F69: =(30-'Salários'!$N69) -> 30 | G69: =(E69*F69) -> 2000 | H69: 170.3 | I69: 3 | M69: 350 | O69: =(G69)+(H69*I69)+(J69*K69)+(L69*100)-(M69) -> 2160.9 | P69: 12931826642
C70: =MONTH(D70)& "-" &YEAR(D70) -> 12-1899 | G70: 2000 | I70: 15 | O70: =(G70)+(H70*I70)+(J70*K70)+(L70*100)-(M70) -> 2000
C71: =MONTH(D71)& "-" &YEAR(D71) -> 12-1899 | G71: =(E71*F71) -> 0 | O71: =(G71)+(H71*I71)+(J71*K71)+(L71*100)-(M71) -> 0
C72: =MONTH(D72)& "-" &YEAR(D72) -> 12-1899 | G72: =(E72*F72) -> 0 | O72: =(G72)+(H72*I72)+(J72*K72)+(L72*100)-(M72) -> 0
C73: =MONTH(D73)& "-" &YEAR(D73) -> 12-1899 | G73: =(E73*F73) -> 0 | O73: =(G73)+(H73*I73)+(J73*K73)+(L73*100)-(M73) -> 0
B74: Anderson | C74: =MONTH(D74)& "-" &YEAR(D74) -> 2-2024 | D74: 45323 | E74: =(2000/30) -> 66.666667 | F74: =(30-'Salários'!$N74) -> 30 | G74: 2440 | H74: 160 | I74: 20 | J74: 4 | K74: 20 | L74: 5 | M74: 1300 | O74: =(G74)+(H74*I74)+(J74*K74)+(L74*100)-(M74) -> 4920 | P74: 35991762704
B75: Beto | C75: =MONTH(D75)& "-" &YEAR(D75) -> 2-2024 | D75: 45323 | E75: =(2000/30) -> 66.666667 | F75: =(30-'Salários'!$N75) -> 30 | G75: 3500 | M75: 4090 | O75: 2500
B76: caio | C76: =MONTH(D76)& "-" &YEAR(D76) -> 2-2024 | D76: 45323 | E76: 50 | F76: 23 | G76: =(E76*F76) -> 1150 | H76: 67 | I76: 10 | O76: =(G76)+(H76*I76)+(J76*K76)+(L76*100)-(M76) -> 1820 | P76: 15175052675
B77: Cristiano | C77: =MONTH(D77)& "-" &YEAR(D77) -> 2-2024 | D77: 45323 | E77: 120 | F77: 15 | G77: =(E77*F77) -> 1800 | I77: 0 | O77: =(G77)+(H77*I77)+(J77*K77)+(L77*100)-(M77) -> 1800 | P77: Ag 3180 - Cc: 58076
B78: Silvinho | C78: =MONTH(D78)& "-" &YEAR(D78) -> 2-2024 | D78: 45323 | E78: 100 | F78: =(30-'Salários'!$N78) -> 30 | G78: =(E78*F78) -> 3000 | H78: 224.7 | I78: 13 | J78: 11.9 | K78: 13 | L78: 5 | O78: =(G78)+(H78*I78)+(J78*K78)+(L78*100)-(M78) -> 6575.8 | P78: 35998195061
B79: Reginaldo | C79: =MONTH(D79)& "-" &YEAR(D79) -> 2-2024 | D79: 45323 | E79: 116.66 | F79: 14 | G79: =F79*E79 -> 1633.24 | I79: 0 | M79: 1000 | O79: =(G79)+(H79*I79)+(J79*K79)+(L79*100)-(M79) -> 633.24 | P79: 4484788624
B80: Graziele | C80: =MONTH(D80)& "-" &YEAR(D80) -> 2-2024 | D80: 45323 | E80: 69.6667 | F80: =(30-'Salários'!$N80) -> 30 | G80: 2390 | I80: 0 | J80: 1 | K80: 44.6 | O80: =(G80)+(H80*I80)+(J80*K80)+(L80*100)-(M80) -> 2434.6 | P80: 38974715821
B81: Vinicius | C81: =MONTH(D81)& "-" &YEAR(D81) -> 2-2024 | D81: 45323 | E81: 175 | F81: =(30-'Salários'!$N81) -> 30 | G81: =(E81*F81) -> 5250 | I81: 0 | O81: =(G81)+(H81*I81)+(J81*K81)+(L81*100)-(M81) -> 5250
B82: Guri | C82: =MONTH(D82)& "-" &YEAR(D82) -> 2-2024 | D82: 45323 | E82: =(2000/30) -> 66.666667 | F82: =(30-'Salários'!$N82) -> 30 | G82: =(E82*F82) -> 2000 | H82: 100.4 | I82: 8 | O82: =(G82)+(H82*I82)+(J82*K82)+(L82*100)-(M82) -> 2803.2 | P82: 3597287575
B83: Samuel | C83: =MONTH(D83)& "-" &YEAR(D83) -> 2-2024 | D83: 45323 | E83: =(2000/30) -> 66.666667 | F83: =(30-'Salários'!$N83) -> 30 | G83: =(E83*F83) -> 2000 | H83: 164.4 | I83: 3 | M83: 350 | O83: =(G83)+(H83*I83)+(J83*K83)+(L83*100)-(M83) -> 2143.2 | P83: 12931826642
B84: Wender | C84: =MONTH(D84)& "-" &YEAR(D84) -> 2-2024 | D84: 45323 | E84: =(2000/30) -> 66.666667 | F84: =(30-'Salários'!$N84) -> 30 | G84: 2000 | H84: 167.5 | I84: 10 | O84: =(G84)+(H84*I84)+(J84*K84)+(L84*100)-(M84) -> 3675 | P84: 35997404188
B85: Marcos | C85: =MONTH(D85)& "-" &YEAR(D85) -> 12-1899 | E85: 23 | F85: =(30-'Salários'!$N85) -> 30 | G85: 1420 | O85: =(G85)+(H85*I85)+(J85*K85)+(L85*100)-(M85) -> 1420
C86: =MONTH(D86)& "-" &YEAR(D86) -> 12-1899 | F86: =(30-'Salários'!$N86) -> 30 | G86: =(E86*F86) -> 0 | O86: =(G86)+(H86*I86)+(J86*K86)+(L86*100)-(M86) -> 0
C87: =MONTH(D87)& "-" &YEAR(D87) -> 12-1899 | F87: =(30-'Salários'!$N87) -> 30 | G87: =(E87*F87) -> 0 | O87: =(G87)+(H87*I87)+(J87*K87)+(L87*100)-(M87) -> 0
B88: Anderson | C88: =MONTH(D88)& "-" &YEAR(D88) -> 3-2024 | D88: 45352 | E88: =(2000/30) -> 66.666667 | F88: =(30-'Salários'!$N88) -> 30 | G88: 2440 | H88: 167 | I88: 20 | J88: 6 | K88: 20 | L88: 3 | M88: 500 | O88: =(G88)+(H88*I88)+(J88*K88)+(L88*100)-(M88) -> 5700 | P88: 35991762704 | Z88: /
B89: Beto | C89: =MONTH(D89)& "-" &YEAR(D89) -> 3-2024 | D89: 45352 | E89: =(2000/30) -> 66.666667 | F89: =(30-'Salários'!$N89) -> 30 | G89: 3500 | I89: 14 | M89: 3090 | O89: 2500
B90: caio | C90: =MONTH(D90)& "-" &YEAR(D90) -> 3-2024 | D90: 45352 | E90: 50 | F90: =(30-'Salários'!$N90) -> 30 | G90: =(E90*F90) -> 1500 | I90: 10 | O90: =(G90)+(H90*I90)+(J90*K90)+(L90*100)-(M90) -> 1500 | P90: 15175052675
B91: Cristiano | C91: =MONTH(D91)& "-" &YEAR(D91) -> 3-2024 | D91: 45352 | E91: 120 | F91: 15 | G91: =(E91*F91) -> 1800 | I91: 0 | O91: =(G91)+(H91*I91)+(J91*K91)+(L91*100)-(M91) -> 1800 | P91: Ag 3180 - Cc: 58076
B92: Silvinho | C92: =MONTH(D92)& "-" &YEAR(D92) -> 3-2024 | D92: 45352 | E92: 100 | F92: =(30-'Salários'!$N92) -> 30 | G92: =(E92*F92) -> 3000 | H92: 157.9 | I92: 13 | J92: 7.8 | K92: 13 | L92: 1.5 | O92: =(G92)+(H92*I92)+(J92*K92)+(L92*100)-(M92) -> 5304.1 | P92: 35998195061
B93: Reginaldo | C93: =MONTH(D93)& "-" &YEAR(D93) -> 3-2024 | D93: 45352 | E93: 116.6666 | F93: 30 | G93: =F93*E93 -> 3499.998 | I93: 0 | M93: 1230 | O93: =(G93)+(H93*I93)+(J93*K93)+(L93*100)-(M93) -> 2269.998 | P93: 4484788624
B94: Graziele | C94: =MONTH(D94)& "-" &YEAR(D94) -> 3-2024 | D94: 45352 | E94: 69.6667 | F94: =(30-'Salários'!$N94) -> 30 | G94: 2390 | I94: 0 | O94: =(G94)+(H94*I94)+(J94*K94)+(L94*100)-(M94) -> 2390 | P94: 38974715821
B95: Vinicius | C95: =MONTH(D95)& "-" &YEAR(D95) -> 3-2024 | D95: 45352 | E95: 175 | F95: =(30-'Salários'!$N95) -> 30 | G95: =(E95*F95) -> 5250 | I95: 0 | O95: =(G95)+(H95*I95)+(J95*K95)+(L95*100)-(M95) -> 5250
B96: Guri | C96: =MONTH(D96)& "-" &YEAR(D96) -> 3-2024 | D96: 45352 | E96: =(2000/30) -> 66.666667 | F96: =(30-'Salários'!$N96) -> 30 | G96: =(E96*F96) -> 2000 | H96: 154.8 | I96: 8 | O96: =(G96)+(H96*I96)+(J96*K96)+(L96*100)-(M96) -> 3238.4 | P96: 3597287575
B97: Samuel | C97: =MONTH(D97)& "-" &YEAR(D97) -> 3-2024 | D97: 45352 | E97: =(2000/30) -> 66.666667 | F97: =(30-'Salários'!$N97) -> 30 | G97: =(E97*F97) -> 2000 | H97: 146.9 | I97: 5 | M97: 300 | O97: =(G97)+(H97*I97)+(J97*K97)+(L97*100)-(M97) -> 2434.5 | P97: 12931826642
B98: Marcos | C98: =MONTH(D98)& "-" &YEAR(D98) -> 3-2024 | D98: 45352 | F98: =(30-'Salários'!$N98) -> 30 | G98: 1420 | O98: =(G98)+(H98*I98)+(J98*K98)+(L98*100)-(M98) -> 1420
B99: Wendel | C99: =MONTH(D99)& "-" &YEAR(D99) -> 3-2024 | D99: 45352 | E99: =(2000/30) -> 66.666667 | F99: =(30-'Salários'!$N99) -> 30 | G99: 2000 | H99: 207.2 | I99: 15 | L99: 4 | O99: =(G99)+(H99*I99)+(J99*K99)+(L99*100)-(M99) -> 5508 | P99: 35997404188
B100: Vinicius ope | C100: =MONTH(D100)& "-" &YEAR(D100) -> 3-2024 | D100: 45352 | E100: =(2000/30) -> 66.666667 | F100: =(30-'Salários'!$N100) -> 30 | G100: 2000 | H100: 111.3 | I100: 15 | L100: 2 | M100: 800 | O100: =(G100)+(H100*I100)+(J100*K100)+(L100*100)-(M100) -> 3069.5
C101: =MONTH(D101)& "-" &YEAR(D101) -> 12-1899 | F101: =(30-'Salários'!$N101) -> 30 | G101: =(E101*F101) -> 0 | O101: =(G101)+(H101*I101)+(J101*K101)+(L101*100)-(M101) -> 0
C102: =MONTH(D102)& "-" &YEAR(D102) -> 12-1899 | F102: =(30-'Salários'!$N102) -> 30 | G102: =(E102*F102) -> 0 | O102: =(G102)+(H102*I102)+(J102*K102)+(L102*100)-(M102) -> 0
B103: Anderson | C103: =MONTH(D103)& "-" &YEAR(D103) -> 4-2024 | D103: 45383 | E103: =(2000/30) -> 66.666667 | F103: =(30-'Salários'!$N103) -> 30 | G103: 2440 | H103: 162 | I103: 20 | J103: 6 | K103: 20 | L103: 4 | M103: 1200 | O103: =(G103)+(H103*I103)+(J103*K103)+(L103*100)-(M103) -> 5000 | P103: 35991762704
B104: Beto | C104: =MONTH(D104)& "-" &YEAR(D104) -> 4-2024 | D104: 45383 | E104: =(2000/30) -> 66.666667 | F104: =(30-'Salários'!$N104) -> 30 | G104: 3500 | I104: 14 | M104: 6600 | O104: 2500
...

Sheet 220 nova Anderson 
B3: Dia | C3: Chave | D3: H inicial | E3: H final | F3: Hora/ Dia | G3: Extra | H3: Diesel
B4: 45231 | C4: =MONTH(B4)& "-" &YEAR(B4) -> 11-2023 | D4: 2425 | E4: 2428 | F4: ='220 nova Anderson '!$E4-'220 nova Anderson '!$D4 -> 3 | G4: ='220 nova Anderson '!$F4-10 -> -7 | H4: 400
B5: 45232 | C5: =MONTH(B5)& "-" &YEAR(B5) -> 11-2023 | D5: =E4 -> 2428 | E5: 2435 | F5: ='220 nova Anderson '!$E5-'220 nova Anderson '!$D5 -> 7 | G5: ='220 nova Anderson '!$F5-10 -> -3
B6: 45233 | C6: =MONTH(B6)& "-" &YEAR(B6) -> 11-2023 | D6: =E5 -> 2435 | E6: 2442 | F6: ='220 nova Anderson '!$E6-'220 nova Anderson '!$D6 -> 7 | G6: ='220 nova Anderson '!$F6-10 -> -3
B7: 45234 | C7: =MONTH(B7)& "-" &YEAR(B7) -> 11-2023 | F7: ='220 nova Anderson '!$E7-'220 nova Anderson '!$D7 -> 0 | G7: ='220 nova Anderson '!$F7-10 -> -10
B8: 45235 | C8: =MONTH(B8)& "-" &YEAR(B8) -> 11-2023 | D8: =E7 | F8: ='220 nova Anderson '!$E8-'220 nova Anderson '!$D8 -> 0 | G8: ='220 nova Anderson '!$F8-10 -> -10
B9: 45236 | C9: =MONTH(B9)& "-" &YEAR(B9) -> 11-2023 | D9: 2442 | E9: 2451 | F9: ='220 nova Anderson '!$E9-'220 nova Anderson '!$D9 -> 9 | G9: ='220 nova Anderson '!$F9-10 -> -1
B10: 45237 | C10: =MONTH(B10)& "-" &YEAR(B10) -> 11-2023 | D10: =E9 -> 2451 | E10: 2461 | F10: ='220 nova Anderson '!$E10-'220 nova Anderson '!$D10 -> 10 | G10: ='220 nova Anderson '!$F10-10 -> 0 | H10: 370
B11: 45238 | C11: =MONTH(B11)& "-" &YEAR(B11) -> 11-2023 | D11: =E10 -> 2461 | E11: 2470 | F11: ='220 nova Anderson '!$E11-'220 nova Anderson '!$D11 -> 9 | G11: ='220 nova Anderson '!$F11-10 -> -1
B12: 45239 | C12: =MONTH(B12)& "-" &YEAR(B12) -> 11-2023 | D12: =E11 -> 2470 | E12: 2479 | F12: ='220 nova Anderson '!$E12-'220 nova Anderson '!$D12 -> 9 | G12: ='220 nova Anderson '!$F12-10 -> -1
B13: 45240 | C13: =MONTH(B13)& "-" &YEAR(B13) -> 11-2023 | D13: =E12 -> 2479 | E13: 2482 | F13: ='220 nova Anderson '!$E13-'220 nova Anderson '!$D13 -> 3 | G13: ='220 nova Anderson '!$F13-10 -> -7 | H13: 319
B14: 45241 | C14: =MONTH(B14)& "-" &YEAR(B14) -> 11-2023 | D14: =E13 -> 2482 | E14: 2490 | F14: ='220 nova Anderson '!$E14-'220 nova Anderson '!$D14 -> 8 | G14: ='220 nova Anderson '!$F14-10 -> -2
B15: 45242 | C15: =MONTH(B15)& "-" &YEAR(B15) -> 11-2023 | F15: ='220 nova Anderson '!$E15-'220 nova Anderson '!$D15 -> 0 | G15: ='220 nova Anderson '!$F15-10 -> -10
B16: 45243 | C16: =MONTH(B16)& "-" &YEAR(B16) -> 11-2023 | D16: 2490 | E16: 2496.5 | F16: ='220 nova Anderson '!$E16-'220 nova Anderson '!$D16 -> 6.5 | G16: ='220 nova Anderson '!$F16-10 -> -3.5
B17: 45244 | C17: =MONTH(B17)& "-" &YEAR(B17) -> 11-2023 | D17: =E16 -> 2496.5 | E17: 2497 | F17: ='220 nova Anderson '!$E17-'220 nova Anderson '!$D17 -> 0.5 | G17: ='220 nova Anderson '!$F17-10 -> -9.5
B18: 45245 | C18: =MONTH(B18)& "-" &YEAR(B18) -> 11-2023 | D18: =E17 -> 2497 | E18: 2508 | F18: ='220 nova Anderson '!$E18-'220 nova Anderson '!$D18 -> 11 | G18: ='220 nova Anderson '!$F18-10 -> 1 | H18: 680
B19: 45246 | C19: =MONTH(B19)& "-" &YEAR(B19) -> 11-2023 | D19: =E18 -> 2508 | E19: 2519 | F19: ='220 nova Anderson '!$E19-'220 nova Anderson '!$D19 -> 11 | G19: ='220 nova Anderson '!$F19-10 -> 1
B20: 45247 | C20: =MONTH(B20)& "-" &YEAR(B20) -> 11-2023 | D20: =E19 -> 2519 | E20: 2530 | F20: ='220 nova Anderson '!$E20-'220 nova Anderson '!$D20 -> 11 | G20: ='220 nova Anderson '!$F20-10 -> 1
B21: 45248 | C21: =MONTH(B21)& "-" &YEAR(B21) -> 11-2023 | D21: =E20 -> 2530 | E21: 2536 | F21: ='220 nova Anderson '!$E21-'220 nova Anderson '!$D21 -> 6 | G21: ='220 nova Anderson '!$F21-10 -> -4 | H21: 225
B22: 45249 | C22: =MONTH(B22)& "-" &YEAR(B22) -> 11-2023 | F22: ='220 nova Anderson '!$E22-'220 nova Anderson '!$D22 -> 0 | G22: ='220 nova Anderson '!$F22-10 -> -10
B23: 45250 | C23: =MONTH(B23)& "-" &YEAR(B23) -> 11-2023 | D23: 2536 | E23: 2546 | F23: ='220 nova Anderson '!$E23-'220 nova Anderson '!$D23 -> 10 | G23: ='220 nova Anderson '!$F23-10 -> 0
B24: 45251 | C24: =MONTH(B24)& "-" &YEAR(B24) -> 11-2023 | D24: =E23 -> 2546 | E24: 2557 | F24: ='220 nova Anderson '!$E24-'220 nova Anderson '!$D24 -> 11 | G24: ='220 nova Anderson '!$F24-10 -> 1
B25: 45252 | C25: =MONTH(B25)& "-" &YEAR(B25) -> 11-2023 | D25: =E24 -> 2557 | E25: 2564 | F25: ='220 nova Anderson '!$E25-'220 nova Anderson '!$D25 -> 7 | G25: ='220 nova Anderson '!$F25-10 -> -3 | H25: 240
B26: 45253 | C26: =MONTH(B26)& "-" &YEAR(B26) -> 11-2023 | D26: =E25 -> 2564 | E26: 2573 | F26: ='220 nova Anderson '!$E26-'220 nova Anderson '!$D26 -> 9 | G26: ='220 nova Anderson '!$F26-10 -> -1 | H26: 235
B27: 45254 | C27: =MONTH(B27)& "-" &YEAR(B27) -> 11-2023 | D27: =E26 -> 2573 | E27: 2583 | F27: ='220 nova Anderson '!$E27-'220 nova Anderson '!$D27 -> 10 | G27: ='220 nova Anderson '!$F27-10 -> 0 | H27: 235
B28: 45255 | C28: =MONTH(B28)& "-" &YEAR(B28) -> 11-2023 | D28: =E27 -> 2583 | E28: 2593 | F28: ='220 nova Anderson '!$E28-'220 nova Anderson '!$D28 -> 10 | G28: ='220 nova Anderson '!$F28-10 -> 0 | H28: 235
B29: 45256 | C29: =MONTH(B29)& "-" &YEAR(B29) -> 11-2023 | F29: ='220 nova Anderson '!$E29-'220 nova Anderson '!$D29 -> 0 | G29: ='220 nova Anderson '!$F29-10 -> -10
B30: 45257 | C30: =MONTH(B30)& "-" &YEAR(B30) -> 11-2023 | D30: 2593 | E30: 2603 | F30: ='220 nova Anderson '!$E30-'220 nova Anderson '!$D30 -> 10 | G30: ='220 nova Anderson '!$F30-10 -> 0 | H30: 240
B31: 45258 | C31: =MONTH(B31)& "-" &YEAR(B31) -> 11-2023 | D31: =E30 -> 2603 | E31: 2614 | F31: ='220 nova Anderson '!$E31-'220 nova Anderson '!$D31 -> 11 | G31: ='220 nova Anderson '!$F31-10 -> 1 | H31: 170
B32: 45259 | C32: =MONTH(B32)& "-" &YEAR(B32) -> 11-2023 | D32: =E31 -> 2614 | E32: 2618 | F32: ='220 nova Anderson '!$E32-'220 nova Anderson '!$D32 -> 4 | G32: ='220 nova Anderson '!$F32-10 -> -6 | H32: 200
B33: 45260 | C33: =MONTH(B33)& "-" &YEAR(B33) -> 11-2023 | D33: =E32 -> 2618 | E33: 2627 | F33: ='220 nova Anderson '!$E33-'220 nova Anderson '!$D33 -> 9 | G33: ='220 nova Anderson '!$F33-10 -> -1
B34: 45261 | C34: =MONTH(B34)& "-" &YEAR(B34) -> 12-2023 | D34: 2627 | E34: 2634 | F34: ='220 nova Anderson '!$E34-'220 nova Anderson '!$D34 -> 7 | G34: ='220 nova Anderson '!$F34-10 -> -3
B35: 45262 | C35: =MONTH(B35)& "-" &YEAR(B35) -> 12-2023 | F35: ='220 nova Anderson '!$E35-'220 nova Anderson '!$D35 -> 0 | G35: ='220 nova Anderson '!$F35-10 -> -10
B36: 45263 | C36: =MONTH(B36)& "-" &YEAR(B36) -> 12-2023 | F36: ='220 nova Anderson '!$E36-'220 nova Anderson '!$D36 -> 0 | G36: ='220 nova Anderson '!$F36-10 -> -10
B37: 45264 | C37: =MONTH(B37)& "-" &YEAR(B37) -> 12-2023 | D37: 2634 | E37: 2644 | F37: ='220 nova Anderson '!$E37-'220 nova Anderson '!$D37 -> 10 | G37: ='220 nova Anderson '!$F37-10 -> 0 | H37: 225
B38: 45265 | C38: =MONTH(B38)& "-" &YEAR(B38) -> 12-2023 | D38: =E37 -> 2644 | E38: 2654 | F38: ='220 nova Anderson '!$E38-'220 nova Anderson '!$D38 -> 10 | G38: ='220 nova Anderson '!$F38-10 -> 0 | H38: 242
B39: 45266 | C39: =MONTH(B39)& "-" &YEAR(B39) -> 12-2023 | D39: =E38 -> 2654 | E39: 2664 | F39: ='220 nova Anderson '!$E39-'220 nova Anderson '!$D39 -> 10 | G39: ='220 nova Anderson '!$F39-10 -> 0 | H39: 242
B40: 45267 | C40: =MONTH(B40)& "-" &YEAR(B40) -> 12-2023 | D40: =E39 -> 2664 | E40: 2675 | F40: ='220 nova Anderson '!$E40-'220 nova Anderson '!$D40 -> 11 | G40: ='220 nova Anderson '!$F40-10 -> 1 | H40: 195
B41: 45268 | C41: =MONTH(B41)& "-" &YEAR(B41) -> 12-2023 | D41: =E40 -> 2675 | E41: 2685 | F41: ='220 nova Anderson '!$E41-'220 nova Anderson '!$D41 -> 10 | G41: ='220 nova Anderson '!$F41-10 -> 0 | H41: 190
B42: 45269 | C42: =MONTH(B42)& "-" &YEAR(B42) -> 12-2023 | F42: ='220 nova Anderson '!$E42-'220 nova Anderson '!$D42 -> 0 | G42: ='220 nova Anderson '!$F42-10 -> -10
B43: 45270 | C43: =MONTH(B43)& "-" &YEAR(B43) -> 12-2023 | F43: ='220 nova Anderson '!$E43-'220 nova Anderson '!$D43 -> 0 | G43: ='220 nova Anderson '!$F43-10 -> -10
B44: 45271 | C44: =MONTH(B44)& "-" &YEAR(B44) -> 12-2023 | D44: 2685 | E44: 2695 | F44: ='220 nova Anderson '!$E44-'220 nova Anderson '!$D44 -> 10 | G44: ='220 nova Anderson '!$F44-10 -> 0 | H44: 195
B45: 45272 | C45: =MONTH(B45)& "-" &YEAR(B45) -> 12-2023 | D45: =E44 -> 2695 | E45: 2705 | F45: ='220 nova Anderson '!$E45-'220 nova Anderson '!$D45 -> 10 | G45: ='220 nova Anderson '!$F45-10 -> 0 | H45: 130
B46: 45273 | C46: =MONTH(B46)& "-" &YEAR(B46) -> 12-2023 | D46: =E45 -> 2705 | E46: 2715 | F46: ='220 nova Anderson '!$E46-'220 nova Anderson '!$D46 -> 10 | G46: ='220 nova Anderson '!$F46-10 -> 0 | H46: 185
B47: 45274 | C47: =MONTH(B47)& "-" &YEAR(B47) -> 12-2023 | D47: =E46 -> 2715 | E47: 2721 | F47: ='220 nova Anderson '!$E47-'220 nova Anderson '!$D47 -> 6 | G47: ='220 nova Anderson '!$F47-10 -> -4 | H47: 70
B48: 45275 | C48: =MONTH(B48)& "-" &YEAR(B48) -> 12-2023 | D48: =E47 -> 2721 | E48: 2727 | F48: ='220 nova Anderson '!$E48-'220 nova Anderson '!$D48 -> 6 | G48: ='220 nova Anderson '!$F48-10 -> -4 | H48: 185
B49: 45276 | C49: =MONTH(B49)& "-" &YEAR(B49) -> 12-2023 | F49: ='220 nova Anderson '!$E49-'220 nova Anderson '!$D49 -> 0 | G49: ='220 nova Anderson '!$F49-10 -> -10
B50: 45277 | C50: =MONTH(B50)& "-" &YEAR(B50) -> 12-2023 | D50: =E49 | F50: ='220 nova Anderson '!$E50-'220 nova Anderson '!$D50 -> 0 | G50: ='220 nova Anderson '!$F50-10 -> -10
B51: 45278 | C51: =MONTH(B51)& "-" &YEAR(B51) -> 12-2023 | D51: 2727 | E51: 2737 | F51: ='220 nova Anderson '!$E51-'220 nova Anderson '!$D51 -> 10 | G51: ='220 nova Anderson '!$F51-10 -> 0 | H51: 50
B52: 45279 | C52: =MONTH(B52)& "-" &YEAR(B52) -> 12-2023 | D52: =E51 -> 2737 | E52: 2747 | F52: ='220 nova Anderson '!$E52-'220 nova Anderson '!$D52 -> 10 | G52: ='220 nova Anderson '!$F52-10 -> 0 | H52: 130
B53: 45280 | C53: =MONTH(B53)& "-" &YEAR(B53) -> 12-2023 | D53: =E52 -> 2747 | E53: 2757 | F53: ='220 nova Anderson '!$E53-'220 nova Anderson '!$D53 -> 10 | G53: ='220 nova Anderson '!$F53-10 -> 0 | H53: 230
B54: 45281 | C54: =MONTH(B54)& "-" &YEAR(B54) -> 12-2023 | D54: =E53 -> 2757 | E54: 2768 | F54: ='220 nova Anderson '!$E54-'220 nova Anderson '!$D54 -> 11 | G54: ='220 nova Anderson '!$F54-10 -> 1 | H54: 180
B55: 45282 | C55: =MONTH(B55)& "-" &YEAR(B55) -> 12-2023 | D55: =E54 -> 2768 | E55: 2778 | F55: ='220 nova Anderson '!$E55-'220 nova Anderson '!$D55 -> 10 | G55: ='220 nova Anderson '!$F55-10 -> 0 | H55: 180
B56: 45283 | C56: =MONTH(B56)& "-" &YEAR(B56) -> 12-2023 | F56: ='220 nova Anderson '!$E56-'220 nova Anderson '!$D56 -> 0 | G56: ='220 nova Anderson '!$F56-10 -> -10
B57: 45284 | C57: =MONTH(B57)& "-" &YEAR(B57) -> 12-2023 | D57: =E56 | F57: ='220 nova Anderson '!$E57-'220 nova Anderson '!$D57 -> 0 | G57: ='220 nova Anderson '!$F57-10 -> -10
B58: 45285 | C58: =MONTH(B58)& "-" &YEAR(B58) -> 12-2023 | D58: =E57 | F58: ='220 nova Anderson '!$E58-'220 nova Anderson '!$D58 -> 0 | G58: ='220 nova Anderson '!$F58-10 -> -10
B59: 45286 | C59: =MONTH(B59)& "-" &YEAR(B59) -> 12-2023 | D59: 2778 | E59: 2786 | F59: ='220 nova Anderson '!$E59-'220 nova Anderson '!$D59 -> 8 | G59: ='220 nova Anderson '!$F59-10 -> -2 | H59: 190
B60: 45287 | C60: =MONTH(B60)& "-" &YEAR(B60) -> 12-2023 | D60: =E59 -> 2786 | E60: 2795 | F60: ='220 nova Anderson '!$E60-'220 nova Anderson '!$D60 -> 9 | G60: ='220 nova Anderson '!$F60-10 -> -1 | H60: 190
B61: 45288 | C61: =MONTH(B61)& "-" &YEAR(B61) -> 12-2023 | D61: =E60 -> 2795 | E61: 2805 | F61: ='220 nova Anderson '!$E61-'220 nova Anderson '!$D61 -> 10 | G61: ='220 nova Anderson '!$F61-10 -> 0 | H61: 170
B62: 45289 | C62: =MONTH(B62)& "-" &YEAR(B62) -> 12-2023 | D62: =E61 -> 2805 | E62: 2809 | F62: ='220 nova Anderson '!$E62-'220 nova Anderson '!$D62 -> 4 | G62: ='220 nova Anderson '!$F62-10 -> -6 | H62: 110
B63: 45290 | C63: =MONTH(B63)& "-" &YEAR(B63) -> 12-2023 | F63: ='220 nova Anderson '!$E63-'220 nova Anderson '!$D63 -> 0 | G63: ='220 nova Anderson '!$F63-10 -> -10
B64: 45291 | C64: =MONTH(B64)& "-" &YEAR(B64) -> 12-2023 | D64: =E63 | F64: ='220 nova Anderson '!$E64-'220 nova Anderson '!$D64 -> 0 | G64: ='220 nova Anderson '!$F64-10 -> -10
B65: 45292 | C65: =MONTH(B65)& "-" &YEAR(B65) -> 1-2024 | D65: =E64 | F65: ='220 nova Anderson '!$E65-'220 nova Anderson '!$D65 -> 0 | G65: ='220 nova Anderson '!$F65-10 -> -10
B66: 45293 | C66: =MONTH(B66)& "-" &YEAR(B66) -> 1-2024 | D66: 2809 | E66: 2817 | F66: ='220 nova Anderson '!$E66-'220 nova Anderson '!$D66 -> 8 | G66: ='220 nova Anderson '!$F66-10 -> -2
B67: 45294 | C67: =MONTH(B67)& "-" &YEAR(B67) -> 1-2024 | D67: =E66 -> 2817 | E67: 2824 | F67: ='220 nova Anderson '!$E67-'220 nova Anderson '!$D67 -> 7 | G67: ='220 nova Anderson '!$F67-10 -> -3 | H67: 105
B68: 45295 | C68: =MONTH(B68)& "-" &YEAR(B68) -> 1-2024 | F68: ='220 nova Anderson '!$E68-'220 nova Anderson '!$D68 -> 0 | G68: ='220 nova Anderson '!$F68-10 -> -10
B69: 45296 | C69: =MONTH(B69)& "-" &YEAR(B69) -> 1-2024 | D69: 2824 | E69: 2832 | F69: ='220 nova Anderson '!$E69-'220 nova Anderson '!$D69 -> 8 | G69: ='220 nova Anderson '!$F69-10 -> -2 | H69: 240
B70: 45297 | C70: =MONTH(B70)& "-" &YEAR(B70) -> 1-2024 | D70: =E69 -> 2832 | E70: 2835 | F70: ='220 nova Anderson '!$E70-'220 nova Anderson '!$D70 -> 3 | G70: ='220 nova Anderson '!$F70-10 -> -7 | H70: 215
B71: 45298 | C71: =MONTH(B71)& "-" &YEAR(B71) -> 1-2024 | F71: ='220 nova Anderson '!$E71-'220 nova Anderson '!$D71 -> 0 | G71: ='220 nova Anderson '!$F71-10 -> -10
B72: 45299 | C72: =MONTH(B72)& "-" &YEAR(B72) -> 1-2024 | D72: 2835 | E72: 2843 | F72: ='220 nova Anderson '!$E72-'220 nova Anderson '!$D72 -> 8 | G72: ='220 nova Anderson '!$F72-10 -> -2
B73: 45300 | C73: =MONTH(B73)& "-" &YEAR(B73) -> 1-2024 | F73: ='220 nova Anderson '!$E73-'220 nova Anderson '!$D73 -> 0 | G73: ='220 nova Anderson '!$F73-10 -> -10
B74: 45301 | C74: =MONTH(B74)& "-" &YEAR(B74) -> 1-2024 | D74: 2843 | E74: 2852 | F74: ='220 nova Anderson '!$E74-'220 nova Anderson '!$D74 -> 9 | G74: ='220 nova Anderson '!$F74-10 -> -1 | H74: 100
B75: 45302 | C75: =MONTH(B75)& "-" &YEAR(B75) -> 1-2024 | D75: =E74 -> 2852 | E75: 2861 | F75: ='220 nova Anderson '!$E75-'220 nova Anderson '!$D75 -> 9 | G75: ='220 nova Anderson '!$F75-10 -> -1 | H75: 230
B76: 45303 | C76: =MONTH(B76)& "-" &YEAR(B76) -> 1-2024 | D76: =E75 -> 2861 | E76: 2867 | F76: ='220 nova Anderson '!$E76-'220 nova Anderson '!$D76 -> 6 | G76: ='220 nova Anderson '!$F76-10 -> -4 | H76: 200
B77: 45304 | C77: =MONTH(B77)& "-" &YEAR(B77) -> 1-2024 | D77: =E76 -> 2867 | E77: 2871 | F77: ='220 nova Anderson '!$E77-'220 nova Anderson '!$D77 -> 4 | G77: ='220 nova Anderson '!$F77-10 -> -6 | H77: 70
B78: 45305 | C78: =MONTH(B78)& "-" &YEAR(B78) -> 1-2024 | F78: ='220 nova Anderson '!$E78-'220 nova Anderson '!$D78 -> 0 | G78: ='220 nova Anderson '!$F78-10 -> -10
B79: 45306 | C79: =MONTH(B79)& "-" &YEAR(B79) -> 1-2024 | D79: =E78 | F79: ='220 nova Anderson '!$E79-'220 nova Anderson '!$D79 -> 0 | G79: ='220 nova Anderson '!$F79-10 -> -10
B80: 45307 | C80: =MONTH(B80)& "-" &YEAR(B80) -> 1-2024 | D80: =E79 | F80: ='220 nova Anderson '!$E80-'220 nova Anderson '!$D80 -> 0 | G80: ='220 nova Anderson '!$F80-10 -> -10
B81: 45308 | C81: =MONTH(B81)& "-" &YEAR(B81) -> 1-2024 | D81: 2871 | E81: 2876 | F81: ='220 nova Anderson '!$E81-'220 nova Anderson '!$D81 -> 5 | G81: ='220 nova Anderson '!$F81-10 -> -5 | H81: 100
B82: 45309 | C82: =MONTH(B82)& "-" &YEAR(B82) -> 1-2024 | D82: =E81 -> 2876 | E82: 2886 | F82: ='220 nova Anderson '!$E82-'220 nova Anderson '!$D82 -> 10 | G82: ='220 nova Anderson '!$F82-10 -> 0
B83: 45310 | C83: =MONTH(B83)& "-" &YEAR(B83) -> 1-2024 | D83: =E82 -> 2886 | E83: 2892 | F83: ='220 nova Anderson '!$E83-'220 nova Anderson '!$D83 -> 6 | G83: ='220 nova Anderson '!$F83-10 -> -4 | H83: 200
B84: 45311 | C84: =MONTH(B84)& "-" &YEAR(B84) -> 1-2024 | F84: ='220 nova Anderson '!$E84-'220 nova Anderson '!$D84 -> 0 | G84: ='220 nova Anderson '!$F84-10 -> -10
B85: 45312 | C85: =MONTH(B85)& "-" &YEAR(B85) -> 1-2024 | D85: =E84 | F85: ='220 nova Anderson '!$E85-'220 nova Anderson '!$D85 -> 0 | G85: ='220 nova Anderson '!$F85-10 -> -10
B86: 45313 | C86: =MONTH(B86)& "-" &YEAR(B86) -> 1-2024 | D86: =E85 | F86: ='220 nova Anderson '!$E86-'220 nova Anderson '!$D86 -> 0 | G86: ='220 nova Anderson '!$F86-10 -> -10 | H86: 100
B87: 45314 | C87: =MONTH(B87)& "-" &YEAR(B87) -> 1-2024 | D87: 2892 | E87: 2901 | F87: ='220 nova Anderson '!$E87-'220 nova Anderson '!$D87 -> 9 | G87: ='220 nova Anderson '!$F87-10 -> -1
B88: 45315 | C88: =MONTH(B88)& "-" &YEAR(B88) -> 1-2024 | D88: =E87 -> 2901 | E88: 2906 | F88: ='220 nova Anderson '!$E88-'220 nova Anderson '!$D88 -> 5 | G88: ='220 nova Anderson '!$F88-10 -> -5 | H88: 150
B89: 45316 | C89: =MONTH(B89)& "-" &YEAR(B89) -> 1-2024 | D89: =E88 -> 2906 | E89: 2916.4 | F89: ='220 nova Anderson '!$E89-'220 nova Anderson '!$D89 -> 10.4 | G89: ='220 nova Anderson '!$F89-10 -> 0.4 | H89: 170
B90: 45317 | C90: =MONTH(B90)& "-" &YEAR(B90) -> 1-2024 | D90: =E89 -> 2916.4 | E90: 2923.2 | F90: ='220 nova Anderson '!$E90-'220 nova Anderson '!$D90 -> 6.8 | G90: ='220 nova Anderson '!$F90-10 -> -3.2
B91: 45318 | C91: =MONTH(B91)& "-" &YEAR(B91) -> 1-2024 | D91: =E90 -> 2923.2 | E91: 2933 | F91: ='220 nova Anderson '!$E91-'220 nova Anderson '!$D91 -> 9.8 | G91: ='220 nova Anderson '!$F91-10 -> -0.2
B92: 45319 | C92: =MONTH(B92)& "-" &YEAR(B92) -> 1-2024 | D92: =E91 -> 2933 | E92: 2938 | F92: ='220 nova Anderson '!$E92-'220 nova Anderson '!$D92 -> 5 | G92: ='220 nova Anderson '!$F92-10 -> -5 | H92: 434
B93: 45320 | C93: =MONTH(B93)& "-" &YEAR(B93) -> 1-2024 | D93: =E92 -> 2938 | E93: 2950 | F93: ='220 nova Anderson '!$E93-'220 nova Anderson '!$D93 -> 12 | G93: ='220 nova Anderson '!$F93-10 -> 2 | H93: 120
B94: 45321 | C94: =MONTH(B94)& "-" &YEAR(B94) -> 1-2024 | D94: =E93 -> 2950 | E94: 2962 | F94: ='220 nova Anderson '!$E94-'220 nova Anderson '!$D94 -> 12 | G94: ='220 nova Anderson '!$F94-10 -> 2 | H94: 282
B95: 45322 | C95: =MONTH(B95)& "-" &YEAR(B95) -> 1-2024 | D95: =E94 -> 2962 | E95: 2969 | F95: ='220 nova Anderson '!$E95-'220 nova Anderson '!$D95 -> 7 | G95: ='220 nova Anderson '!$F95-10 -> -3 | H95: 140
B96: 45323 | C96: =MONTH(B96)& "-" &YEAR(B96) -> 2-2024 | F96: ='220 nova Anderson '!$E96-'220 nova Anderson '!$D96 -> 0 | G96: ='220 nova Anderson '!$F96-10 -> -10
B97: 45324 | C97: =MONTH(B97)& "-" &YEAR(B97) -> 2-2024 | D97: =E96 | F97: ='220 nova Anderson '!$E97-'220 nova Anderson '!$D97 -> 0 | G97: ='220 nova Anderson '!$F97-10 -> -10
B98: 45325 | C98: =MONTH(B98)& "-" &YEAR(B98) -> 2-2024 | D98: =E97 | F98: ='220 nova Anderson '!$E98-'220 nova Anderson '!$D98 -> 0 | G98: ='220 nova Anderson '!$F98-10 -> -10
B99: 45326 | C99: =MONTH(B99)& "-" &YEAR(B99) -> 2-2024 | D99: =E98 | F99: ='220 nova Anderson '!$E99-'220 nova Anderson '!$D99 -> 0 | G99: ='220 nova Anderson '!$F99-10 -> -10
B100: 45327 | C100: =MONTH(B100)& "-" &YEAR(B100) -> 2-2024 | D100: =E99 | F100: ='220 nova Anderson '!$E100-'220 nova Anderson '!$D100 -> 0 | G100: ='220 nova Anderson '!$F100-10 -> -10
B101: 45328 | C101: =MONTH(B101)& "-" &YEAR(B101) -> 2-2024 | D101: =E100 | F101: ='220 nova Anderson '!$E101-'220 nova Anderson '!$D101 -> 0 | G101: ='220 nova Anderson '!$F101-10 -> -10
B102: 45329 | C102: =MONTH(B102)& "-" &YEAR(B102) -> 2-2024 | D102: =E101 | F102: ='220 nova Anderson '!$E102-'220 nova Anderson '!$D102 -> 0 | G102: ='220 nova Anderson '!$F102-10 -> -10
...

Sheet 220 Antiga Silvinho 
B3: Dia | C3: Chave | D3: H inicial | E3: H final | F3: Hora/ Dia | G3: Extra | H3: Diesel
B4: 45231 | C4: =MONTH(B4)& "-" &YEAR(B4) -> 11-2023 | D4: 5494.3 | E4: 5500.5 | F4: ='220 Antiga Silvinho '!$E4-'220 Antiga Silvinho '!$D4 -> 6.2 | G4: ='220 Antiga Silvinho '!$F4-10 -> -3.8
B5: 45232 | C5: =MONTH(B5)& "-" &YEAR(B5) -> 11-2023 | D5: =E4 -> 5500.5 | E5: 5510.9 | F5: ='220 Antiga Silvinho '!$E5-'220 Antiga Silvinho '!$D5 -> 10.4 | G5: ='220 Antiga Silvinho '!$F5-10 -> 0.4 | H5: 440
B6: 45233 | C6: =MONTH(B6)& "-" &YEAR(B6) -> 11-2023 | D6: =E5 -> 5510.9 | E6: 5521.3 | F6: ='220 Antiga Silvinho '!$E6-'220 Antiga Silvinho '!$D6 -> 10.4 | G6: ='220 Antiga Silvinho '!$F6-10 -> 0.4
B7: 45234 | C7: =MONTH(B7)& "-" &YEAR(B7) -> 11-2023 | D7: =E6 -> 5521.3 | E7: 5523.7 | F7: ='220 Antiga Silvinho '!$E7-'220 Antiga Silvinho '!$D7 -> 2.4 | G7: ='220 Antiga Silvinho '!$F7-10 -> -7.6 | H7: 350
B8: 45235 | C8: =MONTH(B8)& "-" &YEAR(B8) -> 11-2023 | D8: =E7 -> 5523.7 | E8: 5527.5 | F8: ='220 Antiga Silvinho '!$E8-'220 Antiga Silvinho '!$D8 -> 3.8 | G8: ='220 Antiga Silvinho '!$F8-10 -> -6.2
B9: 45236 | C9: =MONTH(B9)& "-" &YEAR(B9) -> 11-2023 | D9: =E8 -> 5527.5 | E9: 5538.3 | F9: ='220 Antiga Silvinho '!$E9-'220 Antiga Silvinho '!$D9 -> 10.8 | G9: ='220 Antiga Silvinho '!$F9-10 -> 0.8
B10: 45237 | C10: =MONTH(B10)& "-" &YEAR(B10) -> 11-2023 | D10: =E9 -> 5538.3 | E10: 5549.6 | F10: ='220 Antiga Silvinho '!$E10-'220 Antiga Silvinho '!$D10 -> 11.3 | G10: ='220 Antiga Silvinho '!$F10-10 -> 1.3
B11: 45238 | C11: =MONTH(B11)& "-" &YEAR(B11) -> 11-2023 | D11: =E10 -> 5549.6 | E11: 5561.1 | F11: ='220 Antiga Silvinho '!$E11-'220 Antiga Silvinho '!$D11 -> 11.5 | G11: ='220 Antiga Silvinho '!$F11-10 -> 1.5 | H11: 540
B12: 45239 | C12: =MONTH(B12)& "-" &YEAR(B12) -> 11-2023 | D12: =E11 -> 5561.1 | E12: 5572.5 | F12: ='220 Antiga Silvinho '!$E12-'220 Antiga Silvinho '!$D12 -> 11.4 | G12: ='220 Antiga Silvinho '!$F12-10 -> 1.4
B13: 45240 | C13: =MONTH(B13)& "-" &YEAR(B13) -> 11-2023 | D13: =E12 -> 5572.5 | E13: 5578.2 | F13: ='220 Antiga Silvinho '!$E13-'220 Antiga Silvinho '!$D13 -> 5.7 | G13: ='220 Antiga Silvinho '!$F13-10 -> -4.3 | H13: 400
B14: 45241 | C14: =MONTH(B14)& "-" &YEAR(B14) -> 11-2023 | F14: ='220 Antiga Silvinho '!$E14-'220 Antiga Silvinho '!$D14 -> 0 | G14: ='220 Antiga Silvinho '!$F14-10 -> -10
B15: 45242 | C15: =MONTH(B15)& "-" &YEAR(B15) -> 11-2023 | D15: =E14 | F15: ='220 Antiga Silvinho '!$E15-'220 Antiga Silvinho '!$D15 -> 0 | G15: ='220 Antiga Silvinho '!$F15-10 -> -10
B16: 45243 | C16: =MONTH(B16)& "-" &YEAR(B16) -> 11-2023 | D16: 5578.2 | E16: 5583.8 | F16: ='220 Antiga Silvinho '!$E16-'220 Antiga Silvinho '!$D16 -> 5.6 | G16: ='220 Antiga Silvinho '!$F16-10 -> -4.4
B17: 45244 | C17: =MONTH(B17)& "-" &YEAR(B17) -> 11-2023 | D17: =E16 -> 5583.8 | E17: 5595.3 | F17: ='220 Antiga Silvinho '!$E17-'220 Antiga Silvinho '!$D17 -> 11.5 | G17: ='220 Antiga Silvinho '!$F17-10 -> 1.5 | H17: 440
B18: 45245 | C18: =MONTH(B18)& "-" &YEAR(B18) -> 11-2023 | D18: =E17 -> 5595.3 | E18: 5605.9 | F18: ='220 Antiga Silvinho '!$E18-'220 Antiga Silvinho '!$D18 -> 10.6 | G18: ='220 Antiga Silvinho '!$F18-10 -> 0.6
B19: 45246 | C19: =MONTH(B19)& "-" &YEAR(B19) -> 11-2023 | D19: =E18 -> 5605.9 | E19: 5617 | F19: ='220 Antiga Silvinho '!$E19-'220 Antiga Silvinho '!$D19 -> 11.1 | G19: ='220 Antiga Silvinho '!$F19-10 -> 1.1 | H19: 440
B20: 45247 | C20: =MONTH(B20)& "-" &YEAR(B20) -> 11-2023 | D20: =E19 -> 5617 | E20: 5628 | F20: ='220 Antiga Silvinho '!$E20-'220 Antiga Silvinho '!$D20 -> 11 | G20: ='220 Antiga Silvinho '!$F20-10 -> 1
B21: 45248 | C21: =MONTH(B21)& "-" &YEAR(B21) -> 11-2023 | D21: =E20 -> 5628 | E21: 5638.6 | F21: ='220 Antiga Silvinho '!$E21-'220 Antiga Silvinho '!$D21 -> 10.6 | G21: ='220 Antiga Silvinho '!$F21-10 -> 0.6 | H21: 220
B22: 45249 | C22: =MONTH(B22)& "-" &YEAR(B22) -> 11-2023 | F22: ='220 Antiga Silvinho '!$E22-'220 Antiga Silvinho '!$D22 -> 0 | G22: ='220 Antiga Silvinho '!$F22-10 -> -10
B23: 45250 | C23: =MONTH(B23)& "-" &YEAR(B23) -> 11-2023 | D23: 5638 | E23: 5647.5 | F23: ='220 Antiga Silvinho '!$E23-'220 Antiga Silvinho '!$D23 -> 9.5 | G23: ='220 Antiga Silvinho '!$F23-10 -> -0.5 | H23: 220
B24: 45251 | C24: =MONTH(B24)& "-" &YEAR(B24) -> 11-2023 | D24: =E23 -> 5647.5 | E24: 5659.5 | F24: ='220 Antiga Silvinho '!$E24-'220 Antiga Silvinho '!$D24 -> 12 | G24: ='220 Antiga Silvinho '!$F24-10 -> 2 | H24: 200
B25: 45252 | C25: =MONTH(B25)& "-" &YEAR(B25) -> 11-2023 | D25: =E24 -> 5659.5 | E25: 5671.8 | F25: ='220 Antiga Silvinho '!$E25-'220 Antiga Silvinho '!$D25 -> 12.3 | G25: ='220 Antiga Silvinho '!$F25-10 -> 2.3 | H25: 237
B26: 45253 | C26: =MONTH(B26)& "-" &YEAR(B26) -> 11-2023 | D26: =E25 -> 5671.8 | E26: 5683.6 | F26: ='220 Antiga Silvinho '!$E26-'220 Antiga Silvinho '!$D26 -> 11.8 | G26: ='220 Antiga Silvinho '!$F26-10 -> 1.8
B27: 45254 | C27: =MONTH(B27)& "-" &YEAR(B27) -> 11-2023 | D27: 5683.6 | E27: 5692.3 | F27: ='220 Antiga Silvinho '!$E27-'220 Antiga Silvinho '!$D27 -> 8.7 | G27: ='220 Antiga Silvinho '!$F27-10 -> -1.3
B28: 45255 | C28: =MONTH(B28)& "-" &YEAR(B28) -> 11-2023 | F28: ='220 Antiga Silvinho '!$E28-'220 Antiga Silvinho '!$D28 -> 0 | G28: ='220 Antiga Silvinho '!$F28-10 -> -10
B29: 45256 | C29: =MONTH(B29)& "-" &YEAR(B29) -> 11-2023 | D29: =E28 | F29: ='220 Antiga Silvinho '!$E29-'220 Antiga Silvinho '!$D29 -> 0 | G29: ='220 Antiga Silvinho '!$F29-10 -> -10
B30: 45257 | C30: =MONTH(B30)& "-" &YEAR(B30) -> 11-2023 | D30: 5692.3 | E30: 5701.4 | F30: ='220 Antiga Silvinho '!$E30-'220 Antiga Silvinho '!$D30 -> 9.1 | G30: ='220 Antiga Silvinho '!$F30-10 -> -0.9 | H30: 215
B31: 45258 | C31: =MONTH(B31)& "-" &YEAR(B31) -> 11-2023 | D31: =E30 -> 5701.4 | E31: 5704.8 | F31: ='220 Antiga Silvinho '!$E31-'220 Antiga Silvinho '!$D31 -> 3.4 | G31: ='220 Antiga Silvinho '!$F31-10 -> -6.6
B32: 45259 | C32: =MONTH(B32)& "-" &YEAR(B32) -> 11-2023 | F32: ='220 Antiga Silvinho '!$E32-'220 Antiga Silvinho '!$D32 -> 0 | G32: ='220 Antiga Silvinho '!$F32-10 -> -10
B33: 45260 | C33: =MONTH(B33)& "-" &YEAR(B33) -> 11-2023 | D33: 3651.6 | E33: 3660.9 | F33: ='220 Antiga Silvinho '!$E33-'220 Antiga Silvinho '!$D33 -> 9.3 | G33: ='220 Antiga Silvinho '!$F33-10 -> -0.7
B34: 45261 | C34: =MONTH(B34)& "-" &YEAR(B34) -> 12-2023 | D34: 5704.8 | E34: 5715.9 | F34: ='220 Antiga Silvinho '!$E34-'220 Antiga Silvinho '!$D34 -> 11.1 | G34: ='220 Antiga Silvinho '!$F34-10 -> 1.1
B35: 45262 | C35: =MONTH(B35)& "-" &YEAR(B35) -> 12-2023 | D35: =E34 -> 5715.9 | E35: 5726.9 | F35: ='220 Antiga Silvinho '!$E35-'220 Antiga Silvinho '!$D35 -> 11 | G35: ='220 Antiga Silvinho '!$F35-10 -> 1 | H35: 420
B36: 45263 | C36: =MONTH(B36)& "-" &YEAR(B36) -> 12-2023 | D36: =E35 -> 5726.9 | E36: 5739.9 | F36: ='220 Antiga Silvinho '!$E36-'220 Antiga Silvinho '!$D36 -> 13 | G36: ='220 Antiga Silvinho '!$F36-10 -> 3
B37: 45264 | C37: =MONTH(B37)& "-" &YEAR(B37) -> 12-2023 | D37: =E36 -> 5739.9 | E37: 5741.5 | F37: ='220 Antiga Silvinho '!$E37-'220 Antiga Silvinho '!$D37 -> 1.6 | G37: ='220 Antiga Silvinho '!$F37-10 -> -8.4
B38: 45265 | C38: =MONTH(B38)& "-" &YEAR(B38) -> 12-2023 | D38: =E37 -> 5741.5 | E38: 5747.2 | F38: ='220 Antiga Silvinho '!$E38-'220 Antiga Silvinho '!$D38 -> 5.7 | G38: ='220 Antiga Silvinho '!$F38-10 -> -4.3
B39: 45266 | C39: =MONTH(B39)& "-" &YEAR(B39) -> 12-2023 | D39: =E38 -> 5747.2 | E39: 5749.7 | F39: ='220 Antiga Silvinho '!$E39-'220 Antiga Silvinho '!$D39 -> 2.5 | G39: ='220 Antiga Silvinho '!$F39-10 -> -7.5
B40: 45267 | C40: =MONTH(B40)& "-" &YEAR(B40) -> 12-2023 | D40: =E39 -> 5749.7 | E40: 5759 | F40: ='220 Antiga Silvinho '!$E40-'220 Antiga Silvinho '!$D40 -> 9.3 | G40: ='220 Antiga Silvinho '!$F40-10 -> -0.7 | H40: 460
B41: 45268 | C41: =MONTH(B41)& "-" &YEAR(B41) -> 12-2023 | F41: ='220 Antiga Silvinho '!$E41-'220 Antiga Silvinho '!$D41 -> 0 | G41: ='220 Antiga Silvinho '!$F41-10 -> -10
B42: 45269 | C42: =MONTH(B42)& "-" &YEAR(B42) -> 12-2023 | D42: =E41 | F42: ='220 Antiga Silvinho '!$E42-'220 Antiga Silvinho '!$D42 -> 0 | G42: ='220 Antiga Silvinho '!$F42-10 -> -10
B43: 45270 | C43: =MONTH(B43)& "-" &YEAR(B43) -> 12-2023 | D43: =E42 | F43: ='220 Antiga Silvinho '!$E43-'220 Antiga Silvinho '!$D43 -> 0 | G43: ='220 Antiga Silvinho '!$F43-10 -> -10
B44: 45271 | C44: =MONTH(B44)& "-" &YEAR(B44) -> 12-2023 | D44: 5759 | E44: 5760.4 | F44: ='220 Antiga Silvinho '!$E44-'220 Antiga Silvinho '!$D44 -> 1.4 | G44: ='220 Antiga Silvinho '!$F44-10 -> -8.6
B45: 45272 | C45: =MONTH(B45)& "-" &YEAR(B45) -> 12-2023 | D45: =E44 -> 5760.4 | E45: 5764.4 | F45: ='220 Antiga Silvinho '!$E45-'220 Antiga Silvinho '!$D45 -> 4 | G45: ='220 Antiga Silvinho '!$F45-10 -> -6
B46: 45273 | C46: =MONTH(B46)& "-" &YEAR(B46) -> 12-2023 | D46: =E45 -> 5764.4 | E46: 5775.4 | F46: ='220 Antiga Silvinho '!$E46-'220 Antiga Silvinho '!$D46 -> 11 | G46: ='220 Antiga Silvinho '!$F46-10 -> 1
B47: 45274 | C47: =MONTH(B47)& "-" &YEAR(B47) -> 12-2023 | D47: =E46 -> 5775.4 | E47: 5787.8 | F47: ='220 Antiga Silvinho '!$E47-'220 Antiga Silvinho '!$D47 -> 12.4 | G47: ='220 Antiga Silvinho '!$F47-10 -> 2.4 | H47: 450
B48: 45275 | C48: =MONTH(B48)& "-" &YEAR(B48) -> 12-2023 | D48: =E47 -> 5787.8 | E48: 5800 | F48: ='220 Antiga Silvinho '!$E48-'220 Antiga Silvinho '!$D48 -> 12.2 | G48: ='220 Antiga Silvinho '!$F48-10 -> 2.2
B49: 45276 | C49: =MONTH(B49)& "-" &YEAR(B49) -> 12-2023 | D49: =E48 -> 5800 | E49: 5812 | F49: ='220 Antiga Silvinho '!$E49-'220 Antiga Silvinho '!$D49 -> 12 | G49: ='220 Antiga Silvinho '!$F49-10 -> 2 | H49: 450
B50: 45277 | C50: =MONTH(B50)& "-" &YEAR(B50) -> 12-2023 | D50: =E49 -> 5812 | E50: 5823.3 | F50: ='220 Antiga Silvinho '!$E50-'220 Antiga Silvinho '!$D50 -> 11.3 | G50: ='220 Antiga Silvinho '!$F50-10 -> 1.3
B51: 45278 | C51: =MONTH(B51)& "-" &YEAR(B51) -> 12-2023 | D51: =E50 -> 5823.3 | E51: 5836.3 | F51: ='220 Antiga Silvinho '!$E51-'220 Antiga Silvinho '!$D51 -> 13 | G51: ='220 Antiga Silvinho '!$F51-10 -> 3
B52: 45279 | C52: =MONTH(B52)& "-" &YEAR(B52) -> 12-2023 | D52: =E51 -> 5836.3 | E52: 5848.1 | F52: ='220 Antiga Silvinho '!$E52-'220 Antiga Silvinho '!$D52 -> 11.8 | G52: ='220 Antiga Silvinho '!$F52-10 -> 1.8 | H52: 420
B53: 45280 | C53: =MONTH(B53)& "-" &YEAR(B53) -> 12-2023 | D53: =E52 -> 5848.1 | E53: 5860.1 | F53: ='220 Antiga Silvinho '!$E53-'220 Antiga Silvinho '!$D53 -> 12 | G53: ='220 Antiga Silvinho '!$F53-10 -> 2 | H53: 450
B54: 45281 | C54: =MONTH(B54)& "-" &YEAR(B54) -> 12-2023 | D54: =E53 -> 5860.1 | E54: 5871.8 | F54: ='220 Antiga Silvinho '!$E54-'220 Antiga Silvinho '!$D54 -> 11.7 | G54: ='220 Antiga Silvinho '!$F54-10 -> 1.7
B55: 45282 | C55: =MONTH(B55)& "-" &YEAR(B55) -> 12-2023 | F55: ='220 Antiga Silvinho '!$E55-'220 Antiga Silvinho '!$D55 -> 0 | G55: ='220 Antiga Silvinho '!$F55-10 -> -10
B56: 45283 | C56: =MONTH(B56)& "-" &YEAR(B56) -> 12-2023 | D56: 5871.8 | E56: 5874.7 | F56: ='220 Antiga Silvinho '!$E56-'220 Antiga Silvinho '!$D56 -> 2.9 | G56: ='220 Antiga Silvinho '!$F56-10 -> -7.1
B57: 45284 | C57: =MONTH(B57)& "-" &YEAR(B57) -> 12-2023 | F57: ='220 Antiga Silvinho '!$E57-'220 Antiga Silvinho '!$D57 -> 0 | G57: ='220 Antiga Silvinho '!$F57-10 -> -10
B58: 45285 | C58: =MONTH(B58)& "-" &YEAR(B58) -> 12-2023 | D58: =E57 | F58: ='220 Antiga Silvinho '!$E58-'220 Antiga Silvinho '!$D58 -> 0 | G58: ='220 Antiga Silvinho '!$F58-10 -> -10
B59: 45286 | C59: =MONTH(B59)& "-" &YEAR(B59) -> 12-2023 | D59: =E58 | F59: ='220 Antiga Silvinho '!$E59-'220 Antiga Silvinho '!$D59 -> 0 | G59: ='220 Antiga Silvinho '!$F59-10 -> -10
B60: 45287 | C60: =MONTH(B60)& "-" &YEAR(B60) -> 12-2023 | D60: 5879.5 | E60: 5885.2 | F60: ='220 Antiga Silvinho '!$E60-'220 Antiga Silvinho '!$D60 -> 5.7 | G60: ='220 Antiga Silvinho '!$F60-10 -> -4.3
B61: 45288 | C61: =MONTH(B61)& "-" &YEAR(B61) -> 12-2023 | D61: =E60 -> 5885.2 | E61: 5896.2 | F61: ='220 Antiga Silvinho '!$E61-'220 Antiga Silvinho '!$D61 -> 11 | G61: ='220 Antiga Silvinho '!$F61-10 -> 1 | H61: 440
B62: 45289 | C62: =MONTH(B62)& "-" &YEAR(B62) -> 12-2023 | D62: =E61 -> 5896.2 | E62: 5907.7 | F62: ='220 Antiga Silvinho '!$E62-'220 Antiga Silvinho '!$D62 -> 11.5 | G62: ='220 Antiga Silvinho '!$F62-10 -> 1.5
B63: 45290 | C63: =MONTH(B63)& "-" &YEAR(B63) -> 12-2023 | F63: ='220 Antiga Silvinho '!$E63-'220 Antiga Silvinho '!$D63 -> 0 | G63: ='220 Antiga Silvinho '!$F63-10 -> -10
B64: 45292 | C64: =MONTH(B64)& "-" &YEAR(B64) -> 1-2024 | D64: =E63 | F64: ='220 Antiga Silvinho '!$E64-'220 Antiga Silvinho '!$D64 -> 0 | G64: ='220 Antiga Silvinho '!$F64-10 -> -10
C65: =MONTH(B65)& "-" &YEAR(B65) -> 12-1899 | D65: =E64 | F65: ='220 Antiga Silvinho '!$E65-'220 Antiga Silvinho '!$D65 -> 0 | G65: ='220 Antiga Silvinho '!$F65-10 -> -10
C66: =MONTH(B66)& "-" &YEAR(B66) -> 12-1899 | D66: =E65 | F66: ='220 Antiga Silvinho '!$E66-'220 Antiga Silvinho '!$D66 -> 0 | G66: ='220 Antiga Silvinho '!$F66-10 -> -10
C67: =MONTH(B67)& "-" &YEAR(B67) -> 12-1899 | D67: =E66 | F67: ='220 Antiga Silvinho '!$E67-'220 Antiga Silvinho '!$D67 -> 0 | G67: ='220 Antiga Silvinho '!$F67-10 -> -10
C68: =MONTH(B68)& "-" &YEAR(B68) -> 12-1899 | D68: =E67 | F68: ='220 Antiga Silvinho '!$E68-'220 Antiga Silvinho '!$D68 -> 0 | G68: ='220 Antiga Silvinho '!$F68-10 -> -10
C69: =MONTH(B69)& "-" &YEAR(B69) -> 12-1899 | D69: =E68 | F69: ='220 Antiga Silvinho '!$E69-'220 Antiga Silvinho '!$D69 -> 0 | G69: ='220 Antiga Silvinho '!$F69-10 -> -10
C70: =MONTH(B70)& "-" &YEAR(B70) -> 12-1899 | D70: =E69 | F70: ='220 Antiga Silvinho '!$E70-'220 Antiga Silvinho '!$D70 -> 0 | G70: ='220 Antiga Silvinho '!$F70-10 -> -10
C71: =MONTH(B71)& "-" &YEAR(B71) -> 12-1899 | D71: =E70 | F71: ='220 Antiga Silvinho '!$E71-'220 Antiga Silvinho '!$D71 -> 0 | G71: ='220 Antiga Silvinho '!$F71-10 -> -10
C72: =MONTH(B72)& "-" &YEAR(B72) -> 12-1899 | D72: =E71 | F72: ='220 Antiga Silvinho '!$E72-'220 Antiga Silvinho '!$D72 -> 0 | G72: ='220 Antiga Silvinho '!$F72-10 -> -10
C73: =MONTH(B73)& "-" &YEAR(B73) -> 12-1899 | D73: =E72 | F73: ='220 Antiga Silvinho '!$E73-'220 Antiga Silvinho '!$D73 -> 0 | G73: ='220 Antiga Silvinho '!$F73-10 -> -10
C74: =MONTH(B74)& "-" &YEAR(B74) -> 12-1899 | D74: =E73 | F74: ='220 Antiga Silvinho '!$E74-'220 Antiga Silvinho '!$D74 -> 0 | G74: ='220 Antiga Silvinho '!$F74-10 -> -10
C75: =MONTH(B75)& "-" &YEAR(B75) -> 12-1899 | D75: =E74 | F75: ='220 Antiga Silvinho '!$E75-'220 Antiga Silvinho '!$D75 -> 0 | G75: ='220 Antiga Silvinho '!$F75-10 -> -10
C76: =MONTH(B76)& "-" &YEAR(B76) -> 12-1899 | D76: =E75 | F76: ='220 Antiga Silvinho '!$E76-'220 Antiga Silvinho '!$D76 -> 0 | G76: ='220 Antiga Silvinho '!$F76-10 -> -10
... C347: =MONTH(B347)& "-" &YEAR(B347) -> 12-1899 | D347: =E346 | F347: ='220 Antiga Silvinho '!$E347-'220 Antiga Silvinho '!$D347 -> 0 | G347: ='220 Antiga Silvinho '!$F347-10 -> -10
B348: 45293 | C348: =MONTH(B348)& "-" &YEAR(B348) -> 1-2024 | D348: 5907.7 | E348: 5916.4 | F348: ='220 Antiga Silvinho '!$E348-'220 Antiga Silvinho '!$D348 -> 8.7 | G348: ='220 Antiga Silvinho '!$F348-10 -> -1.3
B349: 45294 | C349: =MONTH(B349)& "-" &YEAR(B349) -> 1-2024 | D349: =E348 -> 5916.4 | E349: 5927.4 | F349: ='220 Antiga Silvinho '!$E349-'220 Antiga Silvinho '!$D349 -> 11 | G349: ='220 Antiga Silvinho '!$F349-10 -> 1 | H349: 440
B350: 45295 | C350: =MONTH(B350)& "-" &YEAR(B350) -> 1-2024 | D350: =E349 -> 5927.4 | E350: 5938.4 | F350: ='220 Antiga Silvinho '!$E350-'220 Antiga Silvinho '!$D350 -> 11 | G350: ='220 Antiga Silvinho '!$F350-10 -> 1
B351: 45296 | C351: =MONTH(B351)& "-" &YEAR(B351) -> 1-2024 | D351: =E350 -> 5938.4 | E351: 5949.4 | F351: ='220 Antiga Silvinho '!$E351-'220 Antiga Silvinho '!$D351 -> 11 | G351: ='220 Antiga Silvinho '!$F351-10 -> 1 | H351: 660
B352: 45297 | C352: =MONTH(B352)& "-" &YEAR(B352) -> 1-2024 | D352: =E351 -> 5949.4 | E352: 5960.5 | F352: ='220 Antiga Silvinho '!$E352-'220 Antiga Silvinho '!$D352 -> 11.1 | G352: ='220 Antiga Silvinho '!$F352-10 -> 1.1
B353: 45298 | C353: =MONTH(B353)& "-" &YEAR(B353) -> 1-2024 | D353: =E352 -> 5960.5 | E353: 5971.5 | F353: ='220 Antiga Silvinho '!$E353-'220 Antiga Silvinho '!$D353 -> 11 | G353: ='220 Antiga Silvinho '!$F353-10 -> 1
B354: 45299 | C354: =MONTH(B354)& "-" &YEAR(B354) -> 1-2024 | D354: =E353 -> 5971.5 | E354: 5982.5 | F354: ='220 Antiga Silvinho '!$E354-'220 Antiga Silvinho '!$D354 -> 11 | G354: ='220 Antiga Silvinho '!$F354-10 -> 1
B355: 45300 | C355: =MONTH(B355)& "-" &YEAR(B355) -> 1-2024 | D355: =E354 -> 5982.5 | E355: 5993.4 | F355: ='220 Antiga Silvinho '!$E355-'220 Antiga Silvinho '!$D355 -> 10.9 | G355: ='220 Antiga Silvinho '!$F355-10 -> 0.9 | H355: 660
B356: 45301 | C356: =MONTH(B356)& "-" &YEAR(B356) -> 1-2024 | D356: =E355 -> 5993.4 | E356: 6004.4 | F356: ='220 Antiga Silvinho '!$E356-'220 Antiga Silvinho '!$D356 -> 11 | G356: ='220 Antiga Silvinho '!$F356-10 -> 1
B357: 45302 | C357: =MONTH(B357)& "-" &YEAR(B357) -> 1-2024 | D357: =E356 -> 6004.4 | E357: 6015.5 | F357: ='220 Antiga Silvinho '!$E357-'220 Antiga Silvinho '!$D357 -> 11.1 | G357: ='220 Antiga Silvinho '!$F357-10 -> 1.1
B358: 45303 | C358: =MONTH(B358)& "-" &YEAR(B358) -> 1-2024 | F358: ='220 Antiga Silvinho '!$E358-'220 Antiga Silvinho '!$D358 -> 0 | G358: ='220 Antiga Silvinho '!$F358-10 -> -10
B359: 45304 | C359: =MONTH(B359)& "-" &YEAR(B359) -> 1-2024 | D359: =E358 | F359: ='220 Antiga Silvinho '!$E359-'220 Antiga Silvinho '!$D359 -> 0 | G359: ='220 Antiga Silvinho '!$F359-10 -> -10
B360: 45305 | C360: =MONTH(B360)& "-" &YEAR(B360) -> 1-2024 | D360: =E359 | F360: ='220 Antiga Silvinho '!$E360-'220 Antiga Silvinho '!$D360 -> 0 | G360: ='220 Antiga Silvinho '!$F360-10 -> -10
B361: 45306 | C361: =MONTH(B361)& "-" &YEAR(B361) -> 1-2024 | D361: 6015.5 | E361: 6020.5 | F361: ='220 Antiga Silvinho '!$E361-'220 Antiga Silvinho '!$D361 -> 5 | G361: ='220 Antiga Silvinho '!$F361-10 -> -5 | H361: 430
B362: 45307 | C362: =MONTH(B362)& "-" &YEAR(B362) -> 1-2024 | D362: =E361 -> 6020.5 | E362: 6029.6 | F362: ='220 Antiga Silvinho '!$E362-'220 Antiga Silvinho '!$D362 -> 9.1 | G362: ='220 Antiga Silvinho '!$F362-10 -> -0.9
B363: 45308 | C363: =MONTH(B363)& "-" &YEAR(B363) -> 1-2024 | D363: 6030.8 | E363: 6041.8 | F363: ='220 Antiga Silvinho '!$E363-'220 Antiga Silvinho '!$D363 -> 11 | G363: ='220 Antiga Silvinho '!$F363-10 -> 1
B364: 45309 | C364: =MONTH(B364)& "-" &YEAR(B364) -> 1-2024 | D364: =E363 -> 6041.8 | E364: 6053.3 | F364: ='220 Antiga Silvinho '!$E364-'220 Antiga Silvinho '!$D364 -> 11.5 | G364: ='220 Antiga Silvinho '!$F364-10 -> 1.5 | H364: 400
B365: 45310 | C365: =MONTH(B365)& "-" &YEAR(B365) -> 1-2024 | D365: =E364 -> 6053.3 | E365: 6063.4 | F365: ='220 Antiga Silvinho '!$E365-'220 Antiga Silvinho '!$D365 -> 10.1 | G365: ='220 Antiga Silvinho '!$F365-10 -> 0.1 | H365: 225
B366: 45311 | C366: =MONTH(B366)& "-" &YEAR(B366) -> 1-2024 | D366: 6064.2 | E366: 6073 | F366: ='220 Antiga Silvinho '!$E366-'220 Antiga Silvinho '!$D366 -> 8.8 | G366: ='220 Antiga Silvinho '!$F366-10 -> -1.2
B367: 45312 | C367: =MONTH(B367)& "-" &YEAR(B367) -> 1-2024 | F367: ='220 Antiga Silvinho '!$E367-'220 Antiga Silvinho '!$D367 -> 0 | G367: ='220 Antiga Silvinho '!$F367-10 -> -10
B368: 45313 | C368: =MONTH(B368)& "-" &YEAR(B368) -> 1-2024 | D368: 6073 | E368: 6080.1 | F368: ='220 Antiga Silvinho '!$E368-'220 Antiga Silvinho '!$D368 -> 7.1 | G368: ='220 Antiga Silvinho '!$F368-10 -> -2.9
B369: 45314 | C369: =MONTH(B369)& "-" &YEAR(B369) -> 1-2024 | D369: =E368 -> 6080.1 | E369: 6088.9 | F369: ='220 Antiga Silvinho '!$E369-'220 Antiga Silvinho '!$D369 -> 8.8 | G369: ='220 Antiga Silvinho '!$F369-10 -> -1.2
B370: 45315 | C370: =MONTH(B370)& "-" &YEAR(B370) -> 1-2024 | D370: 6091 | E370: 6099.5 | F370: ='220 Antiga Silvinho '!$E370-'220 Antiga Silvinho '!$D370 -> 8.5 | G370: ='220 Antiga Silvinho '!$F370-10 -> -1.5
B371: 45316 | C371: =MONTH(B371)& "-" &YEAR(B371) -> 1-2024 | D371: =E370 -> 6099.5 | E371: 6110 | F371: ='220 Antiga Silvinho '!$E371-'220 Antiga Silvinho '!$D371 -> 10.5 | G371: ='220 Antiga Silvinho '!$F371-10 -> 0.5 | H371: 440
B372: 45317 | C372: =MONTH(B372)& "-" &YEAR(B372) -> 1-2024 | D372: =E371 -> 6110 | E372: 6119.3 | F372: ='220 Antiga Silvinho '!$E372-'220 Antiga Silvinho '!$D372 -> 9.3 | G372: ='220 Antiga Silvinho '!$F372-10 -> -0.7
...

Sheet Sanny
B1: Escavadeira 210
B3: Data | C3: chave | D3: H incial | E3: H final | F3: Total | G3: Extra | H3: Colaborador | I3: Diesel
B4: 45231 | C4: =MONTH(B4)& "-" &YEAR(B4) -> 11-2023 | F4: =Sanny!$E4-Sanny!$D4 -> 0 | G4: =Sanny!$F4-10 -> -10 | H4: Manutenção
B5: 45232 | C5: =MONTH(B5)& "-" &YEAR(B5) -> 11-2023 | F5: =Sanny!$E5-Sanny!$D5 -> 0 | G5: =Sanny!$F5-10 -> -10 | H5: Manutenção
B6: 45233 | C6: =MONTH(B6)& "-" &YEAR(B6) -> 11-2023 | D6: 2065.9 | E6: 2074.2 | F6: =Sanny!$E6-Sanny!$D6 -> 8.3 | G6: =Sanny!$F6-10 -> -1.7 | H6: Reginaldo
B7: 45234 | C7: =MONTH(B7)& "-" &YEAR(B7) -> 11-2023 | D7: 2074.2 | E7: 2084.1 | F7: =Sanny!$E7-Sanny!$D7 -> 9.9 | G7: =Sanny!$F7-10 -> -0.1 | H7: Reginaldo
B8: 45235 | C8: =MONTH(B8)& "-" &YEAR(B8) -> 11-2023 | D8: 2084.1 | E8: 2091.3 | F8: =Sanny!$E8-Sanny!$D8 -> 7.2 | G8: =Sanny!$F8-10 -> -2.8 | H8: Silvinho
B9: 45236 | C9: =MONTH(B9)& "-" &YEAR(B9) -> 11-2023 | D9: 2091.3 | E9: 2094.2 | F9: =Sanny!$E9-Sanny!$D9 -> 2.9 | G9: =Sanny!$F9-10 -> -7.1 | H9: Rafael
B10: 45237 | C10: =MONTH(B10)& "-" &YEAR(B10) -> 11-2023 | D10: 2094.2 | E10: 2105.1 | F10: =Sanny!$E10-Sanny!$D10 -> 10.9 | G10: =Sanny!$F10-10 -> 0.9 | H10: Rafael
B11: 45238 | C11: =MONTH(B11)& "-" &YEAR(B11) -> 11-2023 | D11: 2105.1 | E11: 2113.4 | F11: =Sanny!$E11-Sanny!$D11 -> 8.3 | G11: =Sanny!$F11-10 -> -1.7 | H11: Rafael
B12: 45239 | C12: =MONTH(B12)& "-" &YEAR(B12) -> 11-2023 | D12: 2113.4 | E12: 2115.8 | F12: =Sanny!$E12-Sanny!$D12 -> 2.4 | G12: =Sanny!$F12-10 -> -7.6 | H12: Rafael
B13: 45240 | C13: =MONTH(B13)& "-" &YEAR(B13) -> 11-2023 | D13: 2115.8 | E13: 2125.1 | F13: =Sanny!$E13-Sanny!$D13 -> 9.3 | G13: =Sanny!$F13-10 -> -0.7 | H13: rafael
B14: 45241 | C14: =MONTH(B14)& "-" &YEAR(B14) -> 11-2023 | D14: 2125.1 | E14: 2132.4 | F14: =Sanny!$E14-Sanny!$D14 -> 7.3 | G14: =Sanny!$F14-10 -> -2.7 | H14: Rafael
B15: 45242 | C15: =MONTH(B15)& "-" &YEAR(B15) -> 11-2023 | F15: =Sanny!$E15-Sanny!$D15 -> 0 | G15: =Sanny!$F15-10 -> -10
B16: 45243 | C16: =MONTH(B16)& "-" &YEAR(B16) -> 11-2023 | F16: =Sanny!$E16-Sanny!$D16 -> 0 | G16: =Sanny!$F16-10 -> -10
B17: 45244 | C17: =MONTH(B17)& "-" &YEAR(B17) -> 11-2023 | D17: 2132.4 | E17: 2136.4 | F17: =Sanny!$E17-Sanny!$D17 -> 4 | G17: =Sanny!$F17-10 -> -6 | H17: Rafael
B18: 45245 | C18: =MONTH(B18)& "-" &YEAR(B18) -> 11-2023 | D18: 2136.4 | E18: 2143.5 | F18: =Sanny!$E18-Sanny!$D18 -> 7.1 | G18: =Sanny!$F18-10 -> -2.9 | H18: Rafael
B19: 45246 | C19: =MONTH(B19)& "-" &YEAR(B19) -> 11-2023 | D19: 2143.5 | E19: 2152.1 | F19: =Sanny!$E19-Sanny!$D19 -> 8.6 | G19: =Sanny!$F19-10 -> -1.4 | H19: Rafael
B20: 45247 | C20: =MONTH(B20)& "-" &YEAR(B20) -> 11-2023 | D20: 2152.1 | E20: 2161.3 | F20: =Sanny!$E20-Sanny!$D20 -> 9.2 | G20: =Sanny!$F20-10 -> -0.8 | H20: Rafael
B21: 45248 | C21: =MONTH(B21)& "-" &YEAR(B21) -> 11-2023 | F21: =E18-D18 -> 7.1 | G21: =F20-10 -> -0.8
B22: 45249 | C22: =MONTH(B22)& "-" &YEAR(B22) -> 11-2023 | F22: =E19-D19 -> 8.6 | G22: =F21-10 -> -2.9
B23: 45250 | C23: =MONTH(B23)& "-" &YEAR(B23) -> 11-2023 | F23: =E20-D20 -> 9.2 | G23: =F22-10 -> -1.4
B24: 45251 | C24: =MONTH(B24)& "-" &YEAR(B24) -> 11-2023 | F24: =E21-D21 -> 0 | G24: =F23-10 -> -0.8
B25: 45252 | C25: =MONTH(B25)& "-" &YEAR(B25) -> 11-2023 | F25: =E22-D22 -> 0 | G25: =F24-10 -> -10
B26: 45253 | C26: =MONTH(B26)& "-" &YEAR(B26) -> 11-2023 | F26: =E23-D23 -> 0 | G26: =F25-10 -> -10
B27: 45254 | C27: =MONTH(B27)& "-" &YEAR(B27) -> 11-2023 | F27: =E24-D24 -> 0 | G27: =F26-10 -> -10
B28: 45255 | C28: =MONTH(B28)& "-" &YEAR(B28) -> 11-2023 | F28: =E25-D25 -> 0 | G28: =F27-10 -> -10
B29: 45256 | C29: =MONTH(B29)& "-" &YEAR(B29) -> 11-2023 | F29: =E26-D26 -> 0 | G29: =F28-10 -> -10
B30: 45257 | C30: =MONTH(B30)& "-" &YEAR(B30) -> 11-2023 | F30: =E27-D27 -> 0 | G30: =F29-10 -> -10
B31: 45258 | C31: =MONTH(B31)& "-" &YEAR(B31) -> 11-2023 | F31: =E28-D28 -> 0 | G31: =F30-10 -> -10
B32: 45259 | C32: =MONTH(B32)& "-" &YEAR(B32) -> 11-2023 | F32: =E29-D29 -> 0 | G32: =F31-10 -> -10
... B36: 45263 | C36: =MONTH(B36)& "-" &YEAR(B36) -> 12-2023 | F36: =E33-D33 -> 0 | G36: =F35-10 -> -10
B37: 45264 | C37: =MONTH(B37)& "-" &YEAR(B37) -> 12-2023 | D37: 2226.3 | E37: 2235 | F37: =Sanny!$E37-Sanny!$D37 -> 8.7 | G37: =Sanny!$F37-10 -> -1.3 | H37: Wender | I37: 150
B38: 45265 | C38: =MONTH(B38)& "-" &YEAR(B38) -> 12-2023 | D38: =E37 -> 2235 | E38: 2245.2 | F38: =Sanny!$E38-Sanny!$D38 -> 10.2 | G38: =Sanny!$F38-10 -> 0.2 | H38: Wender
B39: 45266 | C39: =MONTH(B39)& "-" &YEAR(B39) -> 12-2023 | F39: =Sanny!$E39-Sanny!$D39 -> 0 | G39: =Sanny!$F39-10 -> -10
B40: 45267 | C40: =MONTH(B40)& "-" &YEAR(B40) -> 12-2023 | D40: =E39 | F40: =Sanny!$E40-Sanny!$D40 -> 0 | G40: =Sanny!$F40-10 -> -10
B41: 45268 | C41: =MONTH(B41)& "-" &YEAR(B41) -> 12-2023 | D41: =E40 | F41: =Sanny!$E41-Sanny!$D41 -> 0 | G41: =Sanny!$F41-10 -> -10
B42: 45269 | C42: =MONTH(B42)& "-" &YEAR(B42) -> 12-2023 | D42: =E41 | F42: =Sanny!$E42-Sanny!$D42 -> 0 | G42: =Sanny!$F42-10 -> -10
B43: 45270 | C43: =MONTH(B43)& "-" &YEAR(B43) -> 12-2023 | D43: =E42 | F43: =Sanny!$E43-Sanny!$D43 -> 0 | G43: =Sanny!$F43-10 -> -10
B44: 45271 | C44: =MONTH(B44)& "-" &YEAR(B44) -> 12-2023 | D44: 2245.2 | E44: 2251.1 | F44: =Sanny!$E44-Sanny!$D44 -> 5.9 | G44: =Sanny!$F44-10 -> -4.1 | H44: Wender
B45: 45272 | C45: =MONTH(B45)& "-" &YEAR(B45) -> 12-2023 | D45: 2251.1 | E45: 2260.5 | F45: =Sanny!$E45-Sanny!$D45 -> 9.4 | G45: =Sanny!$F45-10 -> -0.6 | H45: Wender | I45: 215
B46: 45273 | C46: =MONTH(B46)& "-" &YEAR(B46) -> 12-2023 | D46: =E45 -> 2260.5 | E46: 2263.8 | F46: =Sanny!$E46-Sanny!$D46 -> 3.3 | G46: =Sanny!$F46-10 -> -6.7 | H46: Wender
B47: 45274 | C47: =MONTH(B47)& "-" &YEAR(B47) -> 12-2023 | F47: =Sanny!$E47-Sanny!$D47 -> 0 | G47: =Sanny!$F47-10 -> -10
B48: 45275 | C48: =MONTH(B48)& "-" &YEAR(B48) -> 12-2023 | D48: 2263.8 | E48: 2273.8 | F48: =Sanny!$E48-Sanny!$D48 -> 10 | G48: =Sanny!$F48-10 -> 0 | H48: Wender
B49: 45276 | C49: =MONTH(B49)& "-" &YEAR(B49) -> 12-2023 | D49: =E48 -> 2273.8 | E49: 2277.6 | F49: =Sanny!$E49-Sanny!$D49 -> 3.8 | G49: =Sanny!$F49-10 -> -6.2 | H49: Wender
B50: 45277 | C50: =MONTH(B50)& "-" &YEAR(B50) -> 12-2023 | F50: =Sanny!$E50-Sanny!$D50 -> 0 | G50: =Sanny!$F50-10 -> -10
B51: 45278 | C51: =MONTH(B51)& "-" &YEAR(B51) -> 12-2023 | D51: 2277.6 | E51: 2287 | F51: =Sanny!$E51-Sanny!$D51 -> 9.4 | G51: =Sanny!$F51-10 -> -0.6 | H51: Wender | I51: 150
B52: 45279 | C52: =MONTH(B52)& "-" &YEAR(B52) -> 12-2023 | D52: =E51 -> 2287 | E52: 2296.6 | F52: =Sanny!$E52-Sanny!$D52 -> 9.6 | G52: =Sanny!$F52-10 -> -0.4 | H52: Wender
B53: 45280 | C53: =MONTH(B53)& "-" &YEAR(B53) -> 12-2023 | D53: =E52 -> 2296.6 | E53: 2306.6 | F53: =Sanny!$E53-Sanny!$D53 -> 10 | G53: =Sanny!$F53-10 -> 0 | H53: Wender | I53: 220
B54: 45281 | C54: =MONTH(B54)& "-" &YEAR(B54) -> 12-2023 | D54: =E53 -> 2306.6 | E54: 2316.6 | F54: =Sanny!$E54-Sanny!$D54 -> 10 | G54: =Sanny!$F54-10 -> 0 | H54: Wender
B55: 45282 | C55: =MONTH(B55)& "-" &YEAR(B55) -> 12-2023 | D55: =E54 -> 2316.6 | E55: 2327.6 | F55: =Sanny!$E55-Sanny!$D55 -> 11 | G55: =Sanny!$F55-10 -> 1 | H55: Wender
B56: 45283 | C56: =MONTH(B56)& "-" &YEAR(B56) -> 12-2023 | F56: =Sanny!$E56-Sanny!$D56 -> 0 | G56: =Sanny!$F56-10 -> -10
B57: 45284 | C57: =MONTH(B57)& "-" &YEAR(B57) -> 12-2023 | D57: =E56 | F57: =Sanny!$E57-Sanny!$D57 -> 0 | G57: =Sanny!$F57-10 -> -10
B58: 45285 | C58: =MONTH(B58)& "-" &YEAR(B58) -> 12-2023 | D58: =E57 | F58: =Sanny!$E58-Sanny!$D58 -> 0 | G58: =Sanny!$F58-10 -> -10
B59: 45286 | C59: =MONTH(B59)& "-" &YEAR(B59) -> 12-2023 | D59: 2327.6 | E59: 2334.8 | F59: =Sanny!$E59-Sanny!$D59 -> 7.2 | G59: =Sanny!$F59-10 -> -2.8 | H59: Wender
B60: 45287 | C60: =MONTH(B60)& "-" &YEAR(B60) -> 12-2023 | D60: =E59 -> 2334.8 | E60: 2343.4 | F60: =Sanny!$E60-Sanny!$D60 -> 8.6 | G60: =Sanny!$F60-10 -> -1.4 | H60: Wender | I60: 150
B61: 45288 | C61: =MONTH(B61)& "-" &YEAR(B61) -> 12-2023 | D61: =E60 -> 2343.4 | E61: 2353.4 | F61: =Sanny!$E61-Sanny!$D61 -> 10 | G61: =Sanny!$F61-10 -> 0 | H61: Wender
B62: 45289 | C62: =MONTH(B62)& "-" &YEAR(B62) -> 12-2023 | F62: =Sanny!$E62-Sanny!$D62 -> 0 | G62: =Sanny!$F62-10 -> -10
B63: 45290 | C63: =MONTH(B63)& "-" &YEAR(B63) -> 12-2023 | D63: =E62 | F63: =Sanny!$E63-Sanny!$D63 -> 0 | G63: ='7D1'!$F63-10 -> -10
B64: 45291 | C64: =MONTH(B64)& "-" &YEAR(B64) -> 12-2023 | D64: =E63 | F64: =Sanny!$E64-Sanny!$D64 -> 0 | G64: ='7D1'!$F64-10 -> -10
B65: 45292 | C65: =MONTH(B65)& "-" &YEAR(B65) -> 1-2024 | F65: =Sanny!$E65-Sanny!$D65 -> 0 | G65: =F64-10 -> -10
B66: 45293 | C66: =MONTH(B66)& "-" &YEAR(B66) -> 1-2024 | F66: =Sanny!$E66-Sanny!$D66 -> 0 | G66: =F65-10 -> -10
B67: 45294 | C67: =MONTH(B67)& "-" &YEAR(B67) -> 1-2024 | F67: =Sanny!$E67-Sanny!$D67 -> 0 | G67: =F66-10 -> -10
B68: 45295 | C68: =MONTH(B68)& "-" &YEAR(B68) -> 1-2024 | F68: =Sanny!$E68-Sanny!$D68 -> 0 | G68: =F67-10 -> -10
B69: 45296 | C69: =MONTH(B69)& "-" &YEAR(B69) -> 1-2024 | F69: =Sanny!$E69-Sanny!$D69 -> 0 | G69: =F68-10 -> -10
B70: 45297 | C70: =MONTH(B70)& "-" &YEAR(B70) -> 1-2024 | F70: =Sanny!$E70-Sanny!$D70 -> 0 | G70: =F69-10 -> -10
B71: 45298 | C71: =MONTH(B71)& "-" &YEAR(B71) -> 1-2024 | F71: =Sanny!$E71-Sanny!$D71 -> 0 | G71: =F70-10 -> -10
B72: 45299 | C72: =MONTH(B72)& "-" &YEAR(B72) -> 1-2024 | F72: =Sanny!$E72-Sanny!$D72 -> 0 | G72: =F71-10 -> -10
B73: 45300 | C73: =MONTH(B73)& "-" &YEAR(B73) -> 1-2024 | F73: =Sanny!$E73-Sanny!$D73 -> 0 | G73: =F72-10 -> -10
B74: 45301 | C74: =MONTH(B74)& "-" &YEAR(B74) -> 1-2024 | F74: =Sanny!$E74-Sanny!$D74 -> 0 | G74: =F73-10 -> -10
B75: 45302 | C75: =MONTH(B75)& "-" &YEAR(B75) -> 1-2024 | F75: =Sanny!$E75-Sanny!$D75 -> 0 | G75: =F74-10 -> -10
B76: 45303 | C76: =MONTH(B76)& "-" &YEAR(B76) -> 1-2024 | F76: =Sanny!$E76-Sanny!$D76 -> 0 | G76: =F75-10 -> -10
... B155: 45382 | C155: =MONTH(B155)& "-" &YEAR(B155) -> 3-2024 | F155: =Sanny!$E155-Sanny!$D155 -> 0 | G155: =F154-10 -> -10
B156: 45383 | C156: =MONTH(B156)& "-" &YEAR(B156) -> 4-2024 | D156: 2607 | E156: 2615 | F156: =Sanny!$E156-Sanny!$D156 -> 8 | G156: =F156-10 -> -2
B157: 45384 | C157: =MONTH(B157)& "-" &YEAR(B157) -> 4-2024 | D157: =E156 -> 2615 | E157: 2624 | F157: =Sanny!$E157-Sanny!$D157 -> 9 | G157: =F157-10 -> -1
B158: 45385 | C158: =MONTH(B158)& "-" &YEAR(B158) -> 4-2024 | D158: =E157 -> 2624 | E158: 2634 | F158: =Sanny!$E158-Sanny!$D158 -> 10 | G158: =F158-10 -> 0
B159: 45386 | C159: =MONTH(B159)& "-" &YEAR(B159) -> 4-2024 | D159: =E158 -> 2634 | E159: 2643 | F159: =Sanny!$E159-Sanny!$D159 -> 9 | G159: =F159-10 -> -1
B160: 45387 | C160: =MONTH(B160)& "-" &YEAR(B160) -> 4-2024 | D160: =E159 -> 2643 | E160: 2652 | F160: =Sanny!$E160-Sanny!$D160 -> 9 | G160: =F160-10 -> -1
B161: 45388 | C161: =MONTH(B161)& "-" &YEAR(B161) -> 4-2024 | D161: =E160 -> 2652 | E161: 2657 | F161: =Sanny!$E161-Sanny!$D161 -> 5 | G161: =F161-10 -> -5
B162: 45389 | C162: =MONTH(B162)& "-" &YEAR(B162) -> 4-2024 | F162: =Sanny!$E162-Sanny!$D162 -> 0 | G162: =F162-10 -> -10
B163: 45390 | C163: =MONTH(B163)& "-" &YEAR(B163) -> 4-2024 | D163: 2657 | E163: 2666 | F163: =Sanny!$E163-Sanny!$D163 -> 9 | G163: =F163-10 -> -1
B164: 45391 | C164: =MONTH(B164)& "-" &YEAR(B164) -> 4-2024 | D164: =E163 -> 2666 | E164: 2671.8 | F164: =Sanny!$E164-Sanny!$D164 -> 5.8 | G164: =F164-10 -> -4.2
B165: 45392 | C165: =MONTH(B165)& "-" &YEAR(B165) -> 4-2024 | D165: =E164 -> 2671.8 | E165: 2674 | F165: =Sanny!$E165-Sanny!$D165 -> 2.2 | G165: =F165-10 -> -7.8
B166: 45393 | C166: =MONTH(B166)& "-" &YEAR(B166) -> 4-2024 | D166: =E165 -> 2674 | E166: 2683 | F166: =Sanny!$E166-Sanny!$D166 -> 9 | G166: =F166-10 -> -1
B167: 45394 | C167: =MONTH(B167)& "-" &YEAR(B167) -> 4-2024 | D167: =E166 -> 2683 | E167: 2692.8 | F167: =Sanny!$E167-Sanny!$D167 -> 9.8 | G167: =F167-10 -> -0.2
B168: 45395 | C168: =MONTH(B168)& "-" &YEAR(B168) -> 4-2024 | D168: =E167 -> 2692.8 | E168: 2702.8 | F168: =Sanny!$E168-Sanny!$D168 -> 10 | G168: =F168-10 -> 0
B169: 45396 | C169: =MONTH(B169)& "-" &YEAR(B169) -> 4-2024 | F169: =Sanny!$E169-Sanny!$D169 -> 0 | G169: =F169-10 -> -10
B170: 45397 | C170: =MONTH(B170)& "-" &YEAR(B170) -> 4-2024 | D170: 2702.8 | E170: 2711 | F170: =Sanny!$E170-Sanny!$D170 -> 8.2 | G170: =F170-10 -> -1.8
B171: 45398 | C171: =MONTH(B171)& "-" &YEAR(B171) -> 4-2024 | D171: =E170 -> 2711 | E171: 2721 | F171: =Sanny!$E171-Sanny!$D171 -> 10 | G171: =F171-10 -> 0
B172: 45399 | C172: =MONTH(B172)& "-" &YEAR(B172) -> 4-2024 | D172: =E171 -> 2721 | E172: 2731 | F172: =Sanny!$E172-Sanny!$D172 -> 10 | G172: =F172-10 -> 0
B173: 45400 | C173: =MONTH(B173)& "-" &YEAR(B173) -> 4-2024 | D173: =E172 -> 2731 | E173: 2738.3 | F173: =Sanny!$E173-Sanny!$D173 -> 7.3 | G173: =F173-10 -> -2.7
B174: 45401 | C174: =MONTH(B174)& "-" &YEAR(B174) -> 4-2024 | F174: =Sanny!$E174-Sanny!$D174 -> 0 | G174: =F174-10 -> -10
B175: 45402 | C175: =MONTH(B175)& "-" &YEAR(B175) -> 4-2024 | D175: 2738.3 | E175: 2743.2 | F175: =Sanny!$E175-Sanny!$D175 -> 4.9 | G175: =F175-10 -> -5.1
B176: 45403 | C176: =MONTH(B176)& "-" &YEAR(B176) -> 4-2024 | F176: =Sanny!$E176-Sanny!$D176 -> 0 | G176: =F176-10 -> -10
B177: 45404 | C177: =MONTH(B177)& "-" &YEAR(B177) -> 4-2024 | D177: 2743.2 | E177: 2753.2 | F177: =Sanny!$E177-Sanny!$D177 -> 10 | G177: =F177-10 -> 0
B178: 45405 | C178: =MONTH(B178)& "-" &YEAR(B178) -> 4-2024 | D178: =E177 -> 2753.2 | E178: 2763.2 | F178: =Sanny!$E178-Sanny!$D178 -> 10 | G178: =F178-10 -> 0
B179: 45406 | C179: =MONTH(B179)& "-" &YEAR(B179) -> 4-2024 | D179: =E178 -> 2763.2 | E179: 2773.2 | F179: =Sanny!$E179-Sanny!$D179 -> 10 | G179: =F179-10 -> 0
B180: 45407 | C180: =MONTH(B180)& "-" &YEAR(B180) -> 4-2024 | D180: =E179 -> 2773.2 | E180: 2780 | F180: =Sanny!$E180-Sanny!$D180 -> 6.8 | G180: =F180-10 -> -3.2
B181: 45408 | C181: =MONTH(B181)& "-" &YEAR(B181) -> 4-2024 | D181: =E180 -> 2780 | E181: 2790 | F181: =Sanny!$E181-Sanny!$D181 -> 10 | G181: =F181-10 -> 0
B182: 45409 | C182: =MONTH(B182)& "-" &YEAR(B182) -> 4-2024 | D182: =E181 -> 2790 | E182: 2799 | F182: =Sanny!$E182-Sanny!$D182 -> 9 | G182: =F182-10 -> -1
...

Sheet 700J nova 
B3: 45463 | C3: =MONTH(B3)& "-" &YEAR(B3) -> 6-2024 | D3: 72 | E3: 80.5 | F3: =E3-D3 -> 8.5 | G3: =F3-10 -> -1.5 | H3: Caio
B4: 45464 | C4: =MONTH(B4)& "-" &YEAR(B4) -> 6-2024 | D4: =E3 -> 80.5 | E4: 88.8 | F4: =E4-D4 -> 8.3 | G4: =F4-10 -> -1.7 | H4: Caio
B5: 45465 | C5: =MONTH(B5)& "-" &YEAR(B5) -> 6-2024 | D5: =E4 -> 88.8 | E5: 94 | F5: =E5-D5 -> 5.2 | G5: =F5-10 -> -4.8 | H5: Caio
B6: 45466 | C6: =MONTH(B6)& "-" &YEAR(B6) -> 6-2024 | F6: =E6-D6 -> 0 | G6: =F6-10 -> -10 | H6: Caio
B7: 45467 | C7: =MONTH(B7)& "-" &YEAR(B7) -> 6-2024 | D7: 94 | E7: 102 | F7: =E7-D7 -> 8 | G7: =F7-10 -> -2 | H7: Caio
B8: 45468 | C8: =MONTH(B8)& "-" &YEAR(B8) -> 6-2024 | D8: =E7 -> 102 | E8: 112 | F8: =E8-D8 -> 10 | G8: =F8-10 -> 0 | H8: Caio
B9: 45469 | C9: =MONTH(B9)& "-" &YEAR(B9) -> 6-2024 | D9: =E8 -> 112 | E9: 119.8 | F9: =E9-D9 -> 7.8 | G9: =F9-10 -> -2.2 | H9: Caio
B10: 45470 | C10: =MONTH(B10)& "-" &YEAR(B10) -> 6-2024 | F10: =E10-D10 -> 0 | G10: =F10-10 -> -10 | H10: Caio
B11: 45471 | C11: =MONTH(B11)& "-" &YEAR(B11) -> 6-2024 | D11: 119.8 | E11: 130 | F11: =E11-D11 -> 10.2 | G11: =F11-10 -> 0.2 | H11: Caio
B12: 45472 | C12: =MONTH(B12)& "-" &YEAR(B12) -> 6-2024 | D12: =E11 -> 130 | E12: 135.4 | F12: =E12-D12 -> 5.4 | G12: =F12-10 -> -4.6 | H12: Caio
B13: 45454 | C13: =MONTH(B13)& "-" &YEAR(B13) -> 6-2024 | F13: =E13-D13 -> 0 | G13: =F13-10 -> -10
B14: 45455 | C14: =MONTH(B14)& "-" &YEAR(B14) -> 6-2024 | F14: =E14-D13 -> 0 | G14: =F14-10 -> -10
B15: 45456 | C15: =MONTH(B15)& "-" &YEAR(B15) -> 6-2024 | F15: =E15-D15 -> 0 | G15: =F15-10 -> -10
B16: 45457 | C16: =MONTH(B16)& "-" &YEAR(B16) -> 6-2024 | F16: =E16-D16 -> 0 | G16: =F16-10 -> -10
B17: 45458 | C17: =MONTH(B17)& "-" &YEAR(B17) -> 6-2024 | F17: =E17-D17 -> 0 | G17: =F17-10 -> -10
B18: 45459 | C18: =MONTH(B18)& "-" &YEAR(B18) -> 6-2024 | F18: =E18-D18 -> 0 | G18: =F18-10 -> -10
B19: 45460 | C19: =MONTH(B19)& "-" &YEAR(B19) -> 6-2024 | F19: =E19-D19 -> 0 | G19: =F19-10 -> -10
B20: 45461 | C20: =MONTH(B20)& "-" &YEAR(B20) -> 6-2024 | F20: =E20-D20 -> 0 | G20: =F20-10 -> -10
B21: 45462 | C21: =MONTH(B21)& "-" &YEAR(B21) -> 6-2024 | F21: =E21-D21 -> 0 | G21: =F21-10 -> -10
B22: 45463 | C22: =MONTH(B22)& "-" &YEAR(B22) -> 6-2024 | D22: 72 | E22: 80.5 | F22: =E22-D22 -> 8.5 | G22: =F22-10 -> -1.5
B23: 45464 | C23: =MONTH(B23)& "-" &YEAR(B23) -> 6-2024 | D23: =E22 -> 80.5 | E23: 88.8 | F23: =E23-D23 -> 8.3 | G23: =F23-10 -> -1.7
B24: 45465 | C24: =MONTH(B24)& "-" &YEAR(B24) -> 6-2024 | D24: =E23 -> 88.8 | E24: 94 | F24: =E24-D24 -> 5.2 | G24: =F24-10 -> -4.8
B25: 45466 | C25: =MONTH(B25)& "-" &YEAR(B25) -> 6-2024 | F25: =E25-D25 -> 0 | G25: =F25-10 -> -10
B26: 45467 | C26: =MONTH(B26)& "-" &YEAR(B26) -> 6-2024 | D26: 94 | E26: 102 | F26: =E26-D26 -> 8 | G26: =F26-10 -> -2
B27: 45468 | C27: =MONTH(B27)& "-" &YEAR(B27) -> 6-2024 | D27: =E26 -> 102 | E27: 112 | F27: =E27-D27 -> 10 | G27: =F27-10 -> 0
B28: 45469 | C28: =MONTH(B28)& "-" &YEAR(B28) -> 6-2024 | D28: =E27 -> 112 | E28: 119.8 | F28: =E28-D28 -> 7.8 | G28: =F28-10 -> -2.2
B29: 45470 | C29: =MONTH(B29)& "-" &YEAR(B29) -> 6-2024 | F29: =E29-D29 -> 0 | G29: =F29-10 -> -10
B30: 45471 | C30: =MONTH(B30)& "-" &YEAR(B30) -> 6-2024 | D30: 119.8 | E30: 130 | F30: =E30-D30 -> 10.2 | G30: =F30-10 -> 0.2
B31: 45472 | C31: =MONTH(B31)& "-" &YEAR(B31) -> 6-2024 | D31: =E30 -> 130 | E31: 135.4 | F31: =E31-D31 -> 5.4 | G31: =F31-10 -> -4.6
B32: 45473 | C32: =MONTH(B32)& "-" &YEAR(B32) -> 6-2024 | F32: =E32-D32 -> 0 | G32: =F32-10 -> -10
B33: 45474 | C33: =MONTH(B33)& "-" &YEAR(B33) -> 7-2024 | D33: 135.4 | E33: 145.5 | F33: =E33-D33 -> 10.1 | G33: =F33-10 -> 0.1
B34: 45475 | C34: =MONTH(B34)& "-" &YEAR(B34) -> 7-2024 | D34: =E33 -> 145.5 | E34: 155.5 | F34: =E34-D34 -> 10 | G34: =F34-10 -> 0
B35: 45476 | C35: =MONTH(B35)& "-" &YEAR(B35) -> 7-2024 | D35: =E34 -> 155.5 | E35: 165.5 | F35: =E35-D35 -> 10 | G35: =F35-10 -> 0
B36: 45477 | C36: =MONTH(B36)& "-" &YEAR(B36) -> 7-2024 | D36: =E35 -> 165.5 | E36: 175.5 | F36: =E36-D36 -> 10 | G36: =F36-10 -> 0
B37: 45478 | C37: =MONTH(B37)& "-" &YEAR(B37) -> 7-2024 | D37: =E36 -> 175.5 | E37: 185.5 | F37: =E37-D37 -> 10 | G37: =F37-10 -> 0
B38: 45479 | C38: =MONTH(B38)& "-" &YEAR(B38) -> 7-2024 | F38: =E38-D38 -> 0 | G38: =F38-10 -> -10
B39: 45480 | C39: =MONTH(B39)& "-" &YEAR(B39) -> 7-2024 | D39: =E38 | F39: =E39-D39 -> 0 | G39: =F39-10 -> -10
B40: 45481 | C40: =MONTH(B40)& "-" &YEAR(B40) -> 7-2024 | D40: 185.5 | E40: 195.5 | F40: =E40-D40 -> 10 | G40: =F40-10 -> 0
B41: 45482 | C41: =MONTH(B41)& "-" &YEAR(B41) -> 7-2024 | D41: =E40 -> 195.5 | E41: 205.5 | F41: =E41-D41 -> 10 | G41: =F41-10 -> 0
B42: 45483 | C42: =MONTH(B42)& "-" &YEAR(B42) -> 7-2024 | D42: =E41 -> 205.5 | E42: 215.5 | F42: =E42-D42 -> 10 | G42: =F42-10 -> 0
B43: 45484 | C43: =MONTH(B43)& "-" &YEAR(B43) -> 7-2024 | D43: =E42 -> 215.5 | E43: 225.5 | F43: =E43-D43 -> 10 | G43: =F43-10 -> 0
B44: 45485 | C44: =MONTH(B44)& "-" &YEAR(B44) -> 7-2024 | D44: =E43 -> 225.5 | E44: 235.5 | F44: =E44-D44 -> 10 | G44: =F44-10 -> 0
B45: 45486 | C45: =MONTH(B45)& "-" &YEAR(B45) -> 7-2024 | F45: =E45-D45 -> 0 | G45: =F45-10 -> -10
B46: 45487 | C46: =MONTH(B46)& "-" &YEAR(B46) -> 7-2024 | D46: =E45 | F46: =E46-D46 -> 0 | G46: =F46-10 -> -10
B47: 45488 | C47: =MONTH(B47)& "-" &YEAR(B47) -> 7-2024 | D47: 235.5 | E47: 237 | F47: =E47-D47 -> 1.5 | G47: =F47-10 -> -8.5
B48: 45489 | C48: =MONTH(B48)& "-" &YEAR(B48) -> 7-2024 | D48: =E47 -> 237 | E48: 247 | F48: =E48-D48 -> 10 | G48: =F48-10 -> 0
B49: 45490 | C49: =MONTH(B49)& "-" &YEAR(B49) -> 7-2024 | D49: =E48 -> 247 | E49: 256 | F49: =E49-D49 -> 9 | G49: =F49-10 -> -1
B50: 45491 | C50: =MONTH(B50)& "-" &YEAR(B50) -> 7-2024 | D50: =E49 -> 256 | E50: 264 | F50: =E50-D50 -> 8 | G50: =F50-10 -> -2
B51: 45492 | C51: =MONTH(B51)& "-" &YEAR(B51) -> 7-2024 | D51: =E50 -> 264 | E51: 274 | F51: =E51-D51 -> 10 | G51: =F51-10 -> 0
B52: 45493 | C52: =MONTH(B52)& "-" &YEAR(B52) -> 7-2024 | D52: =E51 -> 274 | E52: 279.5 | F52: =E52-D52 -> 5.5 | G52: =F52-10 -> -4.5
B53: 45494 | C53: =MONTH(B53)& "-" &YEAR(B53) -> 7-2024 | F53: =E53-D53 -> 0 | G53: =F53-10 -> -10
B54: 45495 | C54: =MONTH(B54)& "-" &YEAR(B54) -> 7-2024 | D54: 279.5 | E54: 290.5 | F54: =E54-D54 -> 11 | G54: =F54-10 -> 1
B55: 45496 | C55: =MONTH(B55)& "-" &YEAR(B55) -> 7-2024 | D55: =E54 -> 290.5 | E55: 301.5 | F55: =E55-D55 -> 11 | G55: =F55-10 -> 1
B56: 45497 | C56: =MONTH(B56)& "-" &YEAR(B56) -> 7-2024 | D56: =E55 -> 301.5 | E56: 312.5 | F56: =E56-D56 -> 11 | G56: =F56-10 -> 1
B57: 45498 | C57: =MONTH(B57)& "-" &YEAR(B57) -> 7-2024 | D57: =E56 -> 312.5 | E57: 323.5 | F57: =E57-D57 -> 11 | G57: =F57-10 -> 1
B58: 45499 | C58: =MONTH(B58)& "-" &YEAR(B58) -> 7-2024 | D58: =E57 -> 323.5 | E58: 334.5 | F58: =E58-D58 -> 11 | G58: =F58-10 -> 1
B59: 45500 | C59: =MONTH(B59)& "-" &YEAR(B59) -> 7-2024 | F59: =E59-D59 -> 0 | G59: =F59-10 -> -10
B60: 45501 | C60: =MONTH(B60)& "-" &YEAR(B60) -> 7-2024 | D60: =E59 | F60: =E60-D60 -> 0 | G60: =F60-10 -> -10
B61: 45502 | C61: =MONTH(B61)& "-" &YEAR(B61) -> 7-2024 | D61: 334.5 | E61: 344.5 | F61: =E61-D61 -> 10 | G61: =F61-10 -> 0
B62: 45503 | C62: =MONTH(B62)& "-" &YEAR(B62) -> 7-2024 | D62: =E61 -> 344.5 | E62: 354.4 | F62: =E62-D62 -> 9.9 | G62: =F62-10 -> -0.1
B63: 45504 | C63: =MONTH(B63)& "-" &YEAR(B63) -> 7-2024 | F63: =E63-D63 -> 0 | G63: =F63-10 -> -10
B64: 45505 | C64: =MONTH(B64)& "-" &YEAR(B64) -> 8-2024 | D64: 354.4 | E64: 364.4 | F64: =E64-D64 -> 10 | G64: =F64-10 -> 0
B65: 45506 | C65: =MONTH(B65)& "-" &YEAR(B65) -> 8-2024 | D65: =E64 -> 364.4 | E65: 374.5 | F65: =E65-D65 -> 10.1 | G65: =F65-10 -> 0.1
B66: 45507 | C66: =MONTH(B66)& "-" &YEAR(B66) -> 8-2024 | D66: 374.5 | E66: 384.5 | F66: =E66-D66 -> 10 | G66: =F66-10 -> 0 | H66: não pagar a mais
B67: 45508 | C67: =MONTH(B67)& "-" &YEAR(B67) -> 8-2024 | F67: =E67-D67 -> 0 | G67: =F67-10 -> -10
B68: 45509 | C68: =MONTH(B68)& "-" &YEAR(B68) -> 8-2024 | D68: 384.5 | E68: 394.5 | F68: =E68-D68 -> 10 | G68: =F68-10 -> 0
B69: 45510 | C69: =MONTH(B69)& "-" &YEAR(B69) -> 8-2024 | D69: =E68 -> 394.5 | E69: 404.5 | F69: =E69-D69 -> 10 | G69: =F69-10 -> 0
B70: 45511 | C70: =MONTH(B70)& "-" &YEAR(B70) -> 8-2024 | D70: =E69 -> 404.5 | E70: 414.5 | F70: =E70-D70 -> 10 | G70: =F70-10 -> 0
B71: 45512 | C71: =MONTH(B71)& "-" &YEAR(B71) -> 8-2024 | D71: =E70 -> 414.5 | E71: 420 | F71: =E71-D71 -> 5.5 | G71: =F71-10 -> -4.5
B72: 45513 | C72: =MONTH(B72)& "-" &YEAR(B72) -> 8-2024 | D72: =E71 -> 420 | E72: 429 | F72: =E72-D72 -> 9 | G72: =F72-10 -> -1
B73: 45514 | C73: =MONTH(B73)& "-" &YEAR(B73) -> 8-2024 | D73: =E72 -> 429 | E73: 439 | F73: =E73-D73 -> 10 | G73: =F73-10 -> 0
B74: 45515 | C74: =MONTH(B74)& "-" &YEAR(B74) -> 8-2024 | F74: =E74-D74 -> 0 | G74: =F74-10 -> -10
B75: 45516 | C75: =MONTH(B75)& "-" &YEAR(B75) -> 8-2024 | D75: 439 | E75: 448 | F75: =E75-D75 -> 9 | G75: =F75-10 -> -1
B76: 45517 | C76: =MONTH(B76)& "-" &YEAR(B76) -> 8-2024 | D76: =E75 -> 448 | E76: 456 | F76: =E76-D76 -> 8 | G76: =F76-10 -> -2
B77: 45518 | C77: =MONTH(B77)& "-" &YEAR(B77) -> 8-2024 | D77: =E76 -> 456 | E77: 456 | F77: =E77-D77 -> 0 | G77: =F77-10 -> -10
B78: 45519 | C78: =MONTH(B78)& "-" &YEAR(B78) -> 8-2024 | D78: =E77 -> 456 | E78: 464.5 | F78: =E78-D78 -> 8.5 | G78: =F78-10 -> -1.5
B79: 45520 | C79: =MONTH(B79)& "-" &YEAR(B79) -> 8-2024 | D79: =E78 -> 464.5 | E79: 474.5 | F79: =E79-D79 -> 10 | G79: =F79-10 -> 0
B80: 45521 | C80: =MONTH(B80)& "-" &YEAR(B80) -> 8-2024 | D80: =E79 -> 474.5 | E80: 479.5 | F80: =E80-D80 -> 5 | G80: =F80-10 -> -5
B81: 45522 | C81: =MONTH(B81)& "-" &YEAR(B81) -> 8-2024 | F81: =E81-D81 -> 0 | G81: =F81-10 -> -10
B82: 45523 | C82: =MONTH(B82)& "-" &YEAR(B82) -> 8-2024 | D82: 479.5 | E82: 480.2 | F82: =E82-D82 -> 0.7 | G82: =F82-10 -> -9.3
B83: 45524 | C83: =MONTH(B83)& "-" &YEAR(B83) -> 8-2024 | D83: =E82 -> 480.2 | E83: 487.5 | F83: =E83-D83 -> 7.3 | G83: =F83-10 -> -2.7
B84: 45525 | C84: =MONTH(B84)& "-" &YEAR(B84) -> 8-2024 | D84: =E83 -> 487.5 | E84: 497 | F84: =E84-D84 -> 9.5 | G84: =F84-10 -> -0.5
B85: 45526 | C85: =MONTH(B85)& "-" &YEAR(B85) -> 8-2024 | D85: =E84 -> 497 | E85: 508 | F85: =E85-D85 -> 11 | G85: =F85-10 -> 1
B86: 45527 | C86: =MONTH(B86)& "-" &YEAR(B86) -> 8-2024 | D86: =E85 -> 508 | E86: 519 | F86: =E86-D86 -> 11 | G86: =F86-10 -> 1
B87: 45528 | C87: =MONTH(B87)& "-" &YEAR(B87) -> 8-2024 | F87: =E87-D87 -> 0 | G87: =F87-10 -> -10
B88: 45529 | C88: =MONTH(B88)& "-" &YEAR(B88) -> 8-2024 | D88: =E87 | F88: =E88-D88 -> 0 | G88: =F88-10 -> -10
B89: 45530 | C89: =MONTH(B89)& "-" &YEAR(B89) -> 8-2024 | D89: 519 | E89: 530 | F89: =E89-D89 -> 11 | G89: =F89-10 -> 1
B90: 45531 | C90: =MONTH(B90)& "-" &YEAR(B90) -> 8-2024 | D90: =E89 -> 530 | E90: 541 | F90: =E90-D90 -> 11 | G90: =F90-10 -> 1
B91: 45532 | C91: =MONTH(B91)& "-" &YEAR(B91) -> 8-2024 | D91: =E90 -> 541 | E91: 552 | F91: =E91-D91 -> 11 | G91: =F91-10 -> 1
B92: 45533 | C92: =MONTH(B92)& "-" &YEAR(B92) -> 8-2024 | D92: =E91 -> 552 | E92: 563 | F92: =E92-D92 -> 11 | G92: =F92-10 -> 1
B93: 45534 | C93: =MONTH(B93)& "-" &YEAR(B93) -> 8-2024 | D93: =E92 -> 563 | E93: 570 | F93: =E93-D93 -> 7 | G93: =F93-10 -> -3
B94: 45535 | C94: =MONTH(B94)& "-" &YEAR(B94) -> 8-2024 | F94: =E94-D94 -> 0 | G94: =F94-10 -> -10
B95: 45536 | C95: =MONTH(B95)& "-" &YEAR(B95) -> 9-2024 | D95: =E94 | F95: =E95-D95 -> 0 | G95: =F95-10 -> -10
B96: 45537 | C96: =MONTH(B96)& "-" &YEAR(B96) -> 9-2024 | D96: 570 | E96: 579 | F96: =E96-D96 -> 9 | G96: =F96-10 -> -1
B97: 45538 | C97: =MONTH(B97)& "-" &YEAR(B97) -> 9-2024 | D97: =E96 -> 579 | E97: 583.8 | F97: =E97-D97 -> 4.8 | G97: =F97-10 -> -5.2
B98: 45539 | C98: =MONTH(B98)& "-" &YEAR(B98) -> 9-2024 | D98: =E97 -> 583.8 | E98: 589 | F98: =E98-D98 -> 5.2 | G98: =F98-10 -> -4.8
B99: 45540 | C99: =MONTH(B99)& "-" &YEAR(B99) -> 9-2024 | D99: =E98 -> 589 | E99: 595 | F99: =E99-D99 -> 6 | G99: =F99-10 -> -4
B100: 45541 | C100: =MONTH(B100)& "-" &YEAR(B100) -> 9-2024 | D100: =E99 -> 595 | E100: 600.2 | F100: =E100-D100 -> 5.2 | G100: =F100-10 -> -4.8
B101: 45542 | C101: =MONTH(B101)& "-" &YEAR(B101) -> 9-2024 | D101: =E100 -> 600.2 | E101: 608.7 | F101: =E101-D101 -> 8.5 | G101: =F101-10 -> -1.5
B102: 45543 | C102: =MONTH(B102)& "-" &YEAR(B102) -> 9-2024 | D102: =E101 -> 608.7 | E102: 619.1 | F102: =E102-D102 -> 10.4 | G102: =F102-10 -> 0.4 | I102: vinicius
...

Sheet 700J nova Armack 
B3: 45748 | C3: =MONTH(B3)& "-" &YEAR(B3) -> 4-2025 | D3: 1817.9 | E3: 1828.3 | F3: =E3-D3 -> 10.4 | G3: =F3-10 -> 0.4 | H3: 100 | I3: 7d2 | J3: Osmar
B4: 45749 | C4: =MONTH(B4)& "-" &YEAR(B4) -> 4-2025 | D4: =E3 -> 1828.3 | E4: 1839 | F4: =E4-D4 -> 10.7 | G4: =F4-10 -> 0.7 | H4: 230 | I4: 7d2 | J4: Osmar
B5: 45750 | C5: =MONTH(B5)& "-" &YEAR(B5) -> 4-2025 | D5: =E4 -> 1839 | E5: 1849.6 | F5: =E5-D5 -> 10.6 | G5: =F5-10 -> 0.6 | I5: 7d2 | J5: Osmar
B6: 45751 | C6: =MONTH(B6)& "-" &YEAR(B6) -> 4-2025 | D6: =E5 -> 1849.6 | E6: 1859.1 | F6: =E6-D6 -> 9.5 | G6: =F6-10 -> -0.5 | H6: 200 | I6: 7d2 | J6: Osmar
B7: 45752 | C7: =MONTH(B7)& "-" &YEAR(B7) -> 4-2025 | D7: =E6 -> 1859.1 | E7: 1866.9 | F7: =E7-D7 -> 7.8 | G7: =F7-10 -> -2.2 | I7: 7d2 | J7: Osmar
B8: 45753 | C8: =MONTH(B8)& "-" &YEAR(B8) -> 4-2025 | F8: =E8-D8 -> 0 | G8: =F8-10 -> -10 | I8: 7d2 | J8: Osmar
B9: 45754 | C9: =MONTH(B9)& "-" &YEAR(B9) -> 4-2025 | D9: 1866.9 | E9: 1879.4 | F9: =E9-D9 -> 12.5 | G9: =F9-10 -> 2.5 | H9: 200 | I9: 7d2 | J9: Osmar
B10: 45755 | C10: =MONTH(B10)& "-" &YEAR(B10) -> 4-2025 | D10: =E9 -> 1879.4 | E10: 1889.8 | F10: =E10-D10 -> 10.4 | G10: =F10-10 -> 0.4 | I10: 7d2 | J10: Osmar
B11: 45756 | C11: =MONTH(B11)& "-" &YEAR(B11) -> 4-2025 | D11: =E10 -> 1889.8 | E11: 1894.9 | F11: =E11-D11 -> 5.1 | G11: =F11-10 -> -4.9 | H11: 400 | I11: 7d2 | J11: Osmar
B12: 45756 | C12: =MONTH(B12)& "-" &YEAR(B12) -> 4-2025 | D12: 5769.4 | E12: 5775.2 | F12: =E12-D12 -> 5.8 | G12: =F12-10 -> -4.2 | I12: 700J armack nova | J12: Osmar
B13: 45757 | C13: =MONTH(B13)& "-" &YEAR(B13) -> 4-2025 | D13: =E12 -> 5775.2 | E13: 5785.6 | F13: =E13-D13 -> 10.4 | G13: =F13-10 -> 0.4 | I13: 700J armack nova | J13: Osmar
B14: 45758 | C14: =MONTH(B14)& "-" &YEAR(B14) -> 4-2025 | D14: =E13 -> 5785.6 | E14: 5796.1 | F14: =E14-D14 -> 10.5 | G14: =F14-10 -> 0.5 | I14: 700J armack nova | J14: Osmar
B15: 45759 | C15: =MONTH(B15)& "-" &YEAR(B15) -> 4-2025 | F15: =E15-D15 -> 0 | G15: =F15-10 -> -10 | I15: 700J armack nova | J15: Osmar
B16: 45760 | C16: =MONTH(B16)& "-" &YEAR(B16) -> 4-2025 | D16: =E15 | F16: =E16-D16 -> 0 | G16: =F16-10 -> -10 | I16: 700J armack nova | J16: Osmar
B17: 45761 | C17: =MONTH(B17)& "-" &YEAR(B17) -> 4-2025 | D17: 5796.1 | E17: 5807 | F17: =E17-D17 -> 10.9 | G17: =F17-10 -> 0.9 | H17: 200 | I17: 700J armack nova | J17: Osmar
B18: 45762 | C18: =MONTH(B18)& "-" &YEAR(B18) -> 4-2025 | D18: =E17 -> 5807 | E18: 5817.4 | F18: =E18-D18 -> 10.4 | G18: =F18-10 -> 0.4 | I18: 700J armack nova | J18: Osmar
B19: 45763 | C19: =MONTH(B19)& "-" &YEAR(B19) -> 4-2025 | F19: =E19-D19 -> 0 | G19: =F19-10 -> -10 | I19: 700J armack nova | J19: Osmar
B20: 45764 | C20: =MONTH(B20)& "-" &YEAR(B20) -> 4-2025 | D20: 5817.4 | E20: 5825.7 | F20: =E20-D20 -> 8.3 | G20: =F20-10 -> -1.7 | H20: 200 | I20: 700J armack nova | J20: Osmar
B21: 45765 | C21: =MONTH(B21)& "-" &YEAR(B21) -> 4-2025 | F21: =E21-D21 -> 0 | G21: =F21-10 -> -10 | I21: 700J armack nova | J21: Osmar
B22: 45766 | C22: =MONTH(B22)& "-" &YEAR(B22) -> 4-2025 | D22: =E21 | F22: =E22-D22 -> 0 | G22: =F22-10 -> -10 | I22: 700J armack nova | J22: Osmar
B23: 45767 | C23: =MONTH(B23)& "-" &YEAR(B23) -> 4-2025 | D23: =E22 | F23: =E23-D23 -> 0 | G23: =F23-10 -> -10 | I23: 700J armack nova | J23: Osmar
B24: 45768 | C24: =MONTH(B24)& "-" &YEAR(B24) -> 4-2025 | D24: 5825.7 | E24: 5837 | F24: =E24-D24 -> 11.3 | G24: =F24-10 -> 1.3 | I24: 700J armack nova | J24: Osmar
B25: 45769 | C25: =MONTH(B25)& "-" &YEAR(B25) -> 4-2025 | D25: =E24 -> 5837 | E25: 5847.5 | F25: =E25-D25 -> 10.5 | G25: =F25-10 -> 0.5 | H25: 203 | I25: 700J armack nova | J25: Osmar
B26: 45770 | C26: =MONTH(B26)& "-" &YEAR(B26) -> 4-2025 | D26: =E25 -> 5847.5 | E26: 5858 | F26: =E26-D26 -> 10.5 | G26: =F26-10 -> 0.5 | I26: 700J armack nova | J26: Osmar
B27: 45771 | C27: =MONTH(B27)& "-" &YEAR(B27) -> 4-2025 | D27: =E26 -> 5858 | E27: 5868.5 | F27: =E27-D27 -> 10.5 | G27: =F27-10 -> 0.5 | H27: 150 | I27: 700J armack nova | J27: Osmar
B28: 45772 | C28: =MONTH(B28)& "-" &YEAR(B28) -> 4-2025 | D28: =E27 -> 5868.5 | E28: 5879.2 | F28: =E28-D28 -> 10.7 | G28: =F28-10 -> 0.7 | H28: 230 | I28: 700J armack nova | J28: Osmar
B29: 45773 | C29: =MONTH(B29)& "-" &YEAR(B29) -> 4-2025 | D29: =E28 -> 5879.2 | E29: 5886.1 | F29: =E29-D29 -> 6.9 | G29: =F29-10 -> -3.1 | I29: 700J armack nova | J29: Osmar
B30: 45774 | C30: =MONTH(B30)& "-" &YEAR(B30) -> 4-2025 | F30: =E30-D30 -> 0 | G30: =F30-10 -> -10 | I30: 700J armack nova | J30: Osmar
B31: 45775 | C31: =MONTH(B31)& "-" &YEAR(B31) -> 4-2025 | D31: 5886.1 | E31: 5894.7 | F31: =E31-D31 -> 8.6 | G31: =F31-10 -> -1.4 | H31: 250 | I31: 700J armack nova | J31: Osmar
B32: 45776 | C32: =MONTH(B32)& "-" &YEAR(B32) -> 4-2025 | D32: =E31 -> 5894.7 | E32: 5905.2 | F32: =E32-D32 -> 10.5 | G32: =F32-10 -> 0.5 | I32: 700J armack nova | J32: Osmar
B33: 45777 | C33: =MONTH(B33)& "-" &YEAR(B33) -> 4-2025 | D33: =E32 -> 5905.2 | E33: 5917 | F33: =E33-D33 -> 11.8 | G33: =F33-10 -> 1.8 | I33: 700J armack nova | J33: Osmar
B34: 45778 | C34: =MONTH(B34)& "-" &YEAR(B34) -> 5-2025 | D34: 5917 | E34: 5925.8 | F34: =E34-D34 -> 8.8 | G34: =F34-10 -> -1.2
B35: 45779 | C35: =MONTH(B35)& "-" &YEAR(B35) -> 5-2025 | D35: =E34 -> 5925.8 | E35: 5937.5 | F35: =E35-D35 -> 11.7 | G35: =F35-10 -> 1.7
B36: 45780 | C36: =MONTH(B36)& "-" &YEAR(B36) -> 5-2025 | D36: =E35 -> 5937.5 | E36: 5944.3 | F36: =E36-D36 -> 6.8 | G36: =F36-10 -> -3.2
B37: 45781 | C37: =MONTH(B37)& "-" &YEAR(B37) -> 5-2025 | F37: =E37-D37 -> 0 | G37: =F37-10 -> -10
B38: 45782 | C38: =MONTH(B38)& "-" &YEAR(B38) -> 5-2025 | D38: 5944.3 | E38: 5952.1 | F38: =E38-D38 -> 7.8 | G38: =F38-10 -> -2.2
B39: 45783 | C39: =MONTH(B39)& "-" &YEAR(B39) -> 5-2025 | D39: =E38 -> 5952.1 | E39: 5962.8 | F39: =E39-D39 -> 10.7 | G39: =F39-10 -> 0.7
B40: 45784 | C40: =MONTH(B40)& "-" &YEAR(B40) -> 5-2025 | D40: =E39 -> 5962.8 | E40: 5974.1 | F40: =E40-D40 -> 11.3 | G40: =F40-10 -> 1.3
B41: 45785 | C41: =MONTH(B41)& "-" &YEAR(B41) -> 5-2025 | D41: =E40 -> 5974.1 | E41: 5981 | F41: =E41-D41 -> 6.9 | G41: =F41-10 -> -3.1
B42: 45786 | C42: =MONTH(B42)& "-" &YEAR(B42) -> 5-2025 | D42: =E41 -> 5981 | E42: 5992.3 | F42: =E42-D42 -> 11.3 | G42: =F42-10 -> 1.3
B43: 45787 | C43: =MONTH(B43)& "-" &YEAR(B43) -> 5-2025 | F43: =E43-D43 -> 0 | G43: =F43-10 -> -10
B44: 45788 | C44: =MONTH(B44)& "-" &YEAR(B44) -> 5-2025 | D44: =E43 | F44: =E44-D44 -> 0 | G44: =F44-10 -> -10
B45: 45789 | C45: =MONTH(B45)& "-" &YEAR(B45) -> 5-2025 | D45: =E44 | F45: =E45-D45 -> 0 | G45: =F45-10 -> -10
B46: 45790 | C46: =MONTH(B46)& "-" &YEAR(B46) -> 5-2025 | D46: =E45 | F46: 10.5 | G46: =F46-10 -> 0.5
B47: 45791 | C47: =MONTH(B47)& "-" &YEAR(B47) -> 5-2025 | D47: =E46 | F47: 10 | G47: =F47-10 -> 0
B48: 45792 | C48: =MONTH(B48)& "-" &YEAR(B48) -> 5-2025 | D48: =E47 | F48: 10 | G48: =F48-10 -> 0
B49: 45793 | C49: =MONTH(B49)& "-" &YEAR(B49) -> 5-2025 | D49: =E48 | F49: 10 | G49: =F49-10 -> 0
B50: 45794 | C50: =MONTH(B50)& "-" &YEAR(B50) -> 5-2025 | D50: =E49 | F50: =E50-D50 -> 0 | G50: =F50-10 -> -10
B51: 45795 | C51: =MONTH(B51)& "-" &YEAR(B51) -> 5-2025 | D51: =E50 | F51: =E51-D51 -> 0 | G51: =F51-10 -> -10
B52: 45796 | C52: =MONTH(B52)& "-" &YEAR(B52) -> 5-2025 | D52: 5994.4 | E52: 6004.6 | F52: =E52-D52 -> 10.2 | G52: =F52-10 -> 0.2
B53: 45797 | C53: =MONTH(B53)& "-" &YEAR(B53) -> 5-2025 | D53: =E52 -> 6004.6 | E53: 6015.9 | F53: =E53-D53 -> 11.3 | G53: =F53-10 -> 1.3
B54: 45798 | C54: =MONTH(B54)& "-" &YEAR(B54) -> 5-2025 | D54: =E53 -> 6015.9 | E54: 6026.5 | F54: =E54-D54 -> 10.6 | G54: =F54-10 -> 0.6
B55: 45799 | C55: =MONTH(B55)& "-" &YEAR(B55) -> 5-2025 | D55: =E54 -> 6026.5 | E55: 6037.6 | F55: =E55-D55 -> 11.1 | G55: =F55-10 -> 1.1
B56: 45800 | C56: =MONTH(B56)& "-" &YEAR(B56) -> 5-2025 | D56: =E55 -> 6037.6 | E56: 6047.8 | F56: =E56-D56 -> 10.2 | G56: =F56-10 -> 0.2
B57: 45801 | C57: =MONTH(B57)& "-" &YEAR(B57) -> 5-2025 | D57: =E56 -> 6047.8 | E57: 6055.1 | F57: =E57-D57 -> 7.3 | G57: =F57-10 -> -2.7
B58: 45802 | C58: =MONTH(B58)& "-" &YEAR(B58) -> 5-2025 | F58: =E58-D58 -> 0 | G58: =F58-10 -> -10
B59: 45803 | C59: =MONTH(B59)& "-" &YEAR(B59) -> 5-2025 | D59: 6055.1 | E59: 6065.6 | F59: =E59-D59 -> 10.5 | G59: =F59-10 -> 0.5
B60: 45804 | C60: =MONTH(B60)& "-" &YEAR(B60) -> 5-2025 | D60: =E59 -> 6065.6 | E60: 6076.4 | F60: =E60-D60 -> 10.8 | G60: =F60-10 -> 0.8
B61: 45805 | C61: =MONTH(B61)& "-" &YEAR(B61) -> 5-2025 | D61: =E60 -> 6076.4 | E61: 6086.5 | F61: =E61-D61 -> 10.1 | G61: =F61-10 -> 0.1
B62: 45806 | C62: =MONTH(B62)& "-" &YEAR(B62) -> 5-2025 | D62: =E61 -> 6086.5 | E62: 6097 | F62: =E62-D62 -> 10.5 | G62: =F62-10 -> 0.5 | I62: Osmar
B63: 45807 | C63: =MONTH(B63)& "-" &YEAR(B63) -> 5-2025 | D63: =E62 -> 6097 | E63: 6108.2 | F63: =E63-D63 -> 11.2 | G63: =F63-10 -> 1.2
B64: 45808 | C64: =MONTH(B64)& "-" &YEAR(B64) -> 5-2025 | D64: =E63 -> 6108.2 | E64: 6119.8 | F64: =E64-D64 -> 11.6 | G64: =F64-10 -> 1.6
B65: 45809 | C65: =MONTH(B65)& "-" &YEAR(B65) -> 6-2025 | F65: =E65-D65 -> 0 | G65: =F65-10 -> -10
B66: 45810 | C66: =MONTH(B66)& "-" &YEAR(B66) -> 6-2025 | D66: 6119.8 | E66: 6128.1 | F66: =E66-D66 -> 8.3 | G66: =F66-10 -> -1.7
B67: 45811 | C67: =MONTH(B67)& "-" &YEAR(B67) -> 6-2025 | D67: =E66 -> 6128.1 | E67: 6128.1 | F67: =E67-D67 -> 0 | G67: =F67-10 -> -10
B68: 45812 | C68: =MONTH(B68)& "-" &YEAR(B68) -> 6-2025 | D68: =E67 -> 6128.1 | E68: 6136.2 | F68: =E68-D68 -> 8.1 | G68: =F68-10 -> -1.9
B69: 45813 | C69: =MONTH(B69)& "-" &YEAR(B69) -> 6-2025 | D69: =E68 -> 6136.2 | E69: 6146.1 | F69: =E69-D69 -> 9.9 | G69: =F69-10 -> -0.1
B70: 45814 | C70: =MONTH(B70)& "-" &YEAR(B70) -> 6-2025 | D70: =E69 -> 6146.1 | E70: 6154.8 | F70: =E70-D70 -> 8.7 | G70: =F70-10 -> -1.3
B71: 45815 | C71: =MONTH(B71)& "-" &YEAR(B71) -> 6-2025 | F71: =E71-D71 -> 0 | G71: =F71-10 -> -10
B72: 45816 | C72: =MONTH(B72)& "-" &YEAR(B72) -> 6-2025 | D72: =E71 | F72: =E72-D72 -> 0 | G72: =F72-10 -> -10
B73: 45817 | C73: =MONTH(B73)& "-" &YEAR(B73) -> 6-2025 | D73: 6154.8 | E73: 6166.3 | F73: =E73-D73 -> 11.5 | G73: =F73-10 -> 1.5
B74: 45818 | C74: =MONTH(B74)& "-" &YEAR(B74) -> 6-2025 | D74: =E73 -> 6166.3 | E74: 6176.3 | F74: =E74-D74 -> 10 | G74: =F74-10 -> 0
B75: 45819 | C75: =MONTH(B75)& "-" &YEAR(B75) -> 6-2025 | D75: =E74 -> 6176.3 | E75: 6184.9 | F75: =E75-D75 -> 8.6 | G75: =F75-10 -> -1.4
B76: 45820 | C76: =MONTH(B76)& "-" &YEAR(B76) -> 6-2025 | D76: =E75 -> 6184.9 | E76: 6195.2 | F76: =E76-D76 -> 10.3 | G76: =F76-10 -> 0.3
B77: 45821 | C77: =MONTH(B77)& "-" &YEAR(B77) -> 6-2025 | D77: =E76 -> 6195.2 | E77: 6205.3 | F77: =E77-D77 -> 10.1 | G77: =F77-10 -> 0.1
B78: 45822 | C78: =MONTH(B78)& "-" &YEAR(B78) -> 6-2025 | F78: =E78-D78 -> 0 | G78: =F78-10 -> -10
B79: 45823 | C79: =MONTH(B79)& "-" &YEAR(B79) -> 6-2025 | D79: =E78 | F79: =E79-D79 -> 0 | G79: =F79-10 -> -10
B80: 45824 | C80: =MONTH(B80)& "-" &YEAR(B80) -> 6-2025 | D80: 6205.6 | E80: 6215.7 | F80: =E80-D80 -> 10.1 | G80: =F80-10 -> 0.1
B81: 45825 | C81: =MONTH(B81)& "-" &YEAR(B81) -> 6-2025 | D81: 6215.7 | E81: 6226.2 | F81: =E81-D81 -> 10.5 | G81: =F81-10 -> 0.5
B82: 45826 | C82: =MONTH(B82)& "-" &YEAR(B82) -> 6-2025 | D82: =E81 -> 6226.2 | E82: 6237.3 | F82: =E82-D82 -> 11.1 | G82: =F82-10 -> 1.1
B83: 45827 | C83: =MONTH(B83)& "-" &YEAR(B83) -> 6-2025 | D83: =E82 -> 6237.3 | E83: 6247.6 | F83: =E83-D83 -> 10.3 | G83: =F83-10 -> 0.3
B84: 45828 | C84: =MONTH(B84)& "-" &YEAR(B84) -> 6-2025 | D84: =E83 -> 6247.6 | E84: 6258.4 | F84: =E84-D84 -> 10.8 | G84: =F84-10 -> 0.8
B85: 45829 | C85: =MONTH(B85)& "-" &YEAR(B85) -> 6-2025 | D85: =E84 -> 6258.4 | E85: 6267.6 | F85: =E85-D85 -> 9.2 | G85: =F85-10 -> -0.8
B86: 45830 | C86: =MONTH(B86)& "-" &YEAR(B86) -> 6-2025 | F86: =E86-D86 -> 0 | G86: =F86-10 -> -10
B87: 45831 | C87: =MONTH(B87)& "-" &YEAR(B87) -> 6-2025 | D87: 6267.6 | E87: 6276.6 | F87: =E87-D87 -> 9 | G87: =F87-10 -> -1
B88: 45832 | C88: =MONTH(B88)& "-" &YEAR(B88) -> 6-2025 | D88: =E87 -> 6276.6 | E88: 6285.5 | F88: =E88-D88 -> 8.9 | G88: =F88-10 -> -1.1
B89: 45833 | C89: =MONTH(B89)& "-" &YEAR(B89) -> 6-2025 | D89: =E88 -> 6285.5 | E89: 6294.1 | F89: =E89-D89 -> 8.6 | G89: =F89-10 -> -1.4
B90: 45834 | C90: =MONTH(B90)& "-" &YEAR(B90) -> 6-2025 | D90: =E89 -> 6294.1 | E90: 6304 | F90: =E90-D90 -> 9.9 | G90: =F90-10 -> -0.1
B91: 45835 | C91: =MONTH(B91)& "-" &YEAR(B91) -> 6-2025 | D91: =E90 -> 6304 | E91: 6315 | F91: =E91-D91 -> 11 | G91: =F91-10 -> 1
B92: 45836 | C92: =MONTH(B92)& "-" &YEAR(B92) -> 6-2025 | D92: =E91 -> 6315 | E92: 6322.8 | F92: =E92-D92 -> 7.8 | G92: =F92-10 -> -2.2
B93: 45837 | C93: =MONTH(B93)& "-" &YEAR(B93) -> 6-2025 | D93: =E92 -> 6322.8 | E93: 6331.1 | F93: =E93-D93 -> 8.3 | G93: =F93-10 -> -1.7
B94: 45838 | C94: =MONTH(B94)& "-" &YEAR(B94) -> 6-2025 | F94: =E94-D94 -> 0 | G94: =F94-10 -> -10
B95: 45839 | C95: =MONTH(B95)& "-" &YEAR(B95) -> 7-2025 | D95: 6331.1 | E95: 6338.2 | F95: =E95-D95 -> 7.1 | G95: =F95-10 -> -2.9
B96: 45840 | C96: =MONTH(B96)& "-" &YEAR(B96) -> 7-2025 | D96: =E95 -> 6338.2 | E96: 6347.1 | F96: =E96-D96 -> 8.9 | G96: =F96-10 -> -1.1
B97: 45841 | C97: =MONTH(B97)& "-" &YEAR(B97) -> 7-2025 | D97: =E96 -> 6347.1 | E97: 6354 | F97: =E97-D97 -> 6.9 | G97: =F97-10 -> -3.1
B98: 45842 | C98: =MONTH(B98)& "-" &YEAR(B98) -> 7-2025 | D98: =E97 -> 6354 | E98: 6363.7 | F98: =E98-D98 -> 9.7 | G98: =F98-10 -> -0.3
B99: 45843 | C99: =MONTH(B99)& "-" &YEAR(B99) -> 7-2025 | F99: =E99-D99 -> 0 | G99: =F99-10 -> -10
B100: 45844 | C100: =MONTH(B100)& "-" &YEAR(B100) -> 7-2025 | D100: =E99 | F100: =E100-D100 -> 0 | G100: =F100-10 -> -10
B101: 45845 | C101: =MONTH(B101)& "-" &YEAR(B101) -> 7-2025 | D101: 6363.7 | E101: 6371.2 | F101: =E101-D101 -> 7.5 | G101: =F101-10 -> -2.5
B102: 45846 | C102: =MONTH(B102)& "-" &YEAR(B102) -> 7-2025 | D102: =E101 -> 6371.2 | E102: 6382 | F102: =E102-D102 -> 10.8 | G102: =F102-10 -> 0.8
...

Sheet pá carregadeira 
B3: 45962 | C3: =MONTH(B3)& "-" &YEAR(B3) -> 11-2025 | F3: =E3-D3 -> 0 | G3: =F3-10 -> -10
B4: 45963 | C4: =MONTH(B4)& "-" &YEAR(B4) -> 11-2025 | F4: =E4-D4 -> 0 | G4: =F4-10 -> -10
B5: 45964 | C5: =MONTH(B5)& "-" &YEAR(B5) -> 11-2025 | F5: =E5-D5 -> 0 | G5: =F5-10 -> -10
B6: 45965 | C6: =MONTH(B6)& "-" &YEAR(B6) -> 11-2025 | F6: =E6-D6 -> 0 | G6: =F6-10 -> -10
B7: 45966 | C7: =MONTH(B7)& "-" &YEAR(B7) -> 11-2025 | F7: =E7-D7 -> 0 | G7: =F7-10 -> -10
B8: 45967 | C8: =MONTH(B8)& "-" &YEAR(B8) -> 11-2025 | F8: =E8-D8 -> 0 | G8: =F8-10 -> -10
B9: 45968 | C9: =MONTH(B9)& "-" &YEAR(B9) -> 11-2025 | F9: =E9-D9 -> 0 | G9: =F9-10 -> -10
B10: 45969 | C10: =MONTH(B10)& "-" &YEAR(B10) -> 11-2025 | F10: =E10-D10 -> 0 | G10: =F10-10 -> -10
B11: 45970 | C11: =MONTH(B11)& "-" &YEAR(B11) -> 11-2025 | F11: =E11-D11 -> 0 | G11: =F11-10 -> -10
B12: 45971 | C12: =MONTH(B12)& "-" &YEAR(B12) -> 11-2025 | D12: 13970 | E12: 13977 | F12: =E12-D12 -> 7 | G12: =F12-10 -> -3
B13: 45972 | C13: =MONTH(B13)& "-" &YEAR(B13) -> 11-2025 | D13: =E12 -> 13977 | E13: 13980 | F13: =E13-D13 -> 3 | G13: =F13-10 -> -7
B14: 45973 | C14: =MONTH(B14)& "-" &YEAR(B14) -> 11-2025 | F14: =E14-D14 -> 0 | G14: =F14-10 -> -10
B15: 45974 | C15: =MONTH(B15)& "-" &YEAR(B15) -> 11-2025 | D15: 13980 | E15: 13984 | F15: =E15-D15 -> 4 | G15: =F15-10 -> -6
B16: 45975 | C16: =MONTH(B16)& "-" &YEAR(B16) -> 11-2025 | D16: =E15 -> 13984 | E16: 13992.6 | F16: =E16-D16 -> 8.6 | G16: =F16-10 -> -1.4
B17: 45976 | C17: =MONTH(B17)& "-" &YEAR(B17) -> 11-2025 | F17: =E17-D17 -> 0 | G17: =F17-10 -> -10
B18: 45977 | C18: =MONTH(B18)& "-" &YEAR(B18) -> 11-2025 | D18: =E17 | F18: =E18-D18 -> 0 | G18: =F18-10 -> -10
B19: 45978 | C19: =MONTH(B19)& "-" &YEAR(B19) -> 11-2025 | D19: =E18 | F19: =E19-D19 -> 0 | G19: =F19-10 -> -10
B20: 45979 | C20: =MONTH(B20)& "-" &YEAR(B20) -> 11-2025 | D20: 13992.6 | E20: 13995.9 | F20: =E20-D20 -> 3.3 | G20: =F20-10 -> -6.7
B21: 45980 | C21: =MONTH(B21)& "-" &YEAR(B21) -> 11-2025 | D21: =E20 -> 13995.9 | E21: 14002.6 | F21: =E21-D21 -> 6.7 | G21: =F21-10 -> -3.3
B22: 45981 | C22: =MONTH(B22)& "-" &YEAR(B22) -> 11-2025 | D22: =E21 -> 14002.6 | E22: 14010.7 | F22: =E22-D22 -> 8.1 | G22: =F22-10 -> -1.9
B23: 45982 | C23: =MONTH(B23)& "-" &YEAR(B23) -> 11-2025 | D23: =E22 -> 14010.7 | E23: 14019.6 | F23: =E23-D23 -> 8.9 | G23: =F23-10 -> -1.1
B24: 45983 | C24: =MONTH(B24)& "-" &YEAR(B24) -> 11-2025 | F24: =E24-D24 -> 0 | G24: =F24-10 -> -10
B25: 45984 | C25: =MONTH(B25)& "-" &YEAR(B25) -> 11-2025 | D25: =E24 | F25: =E25-D25 -> 0 | G25: =F25-10 -> -10
B26: 45985 | C26: =MONTH(B26)& "-" &YEAR(B26) -> 11-2025 | D26: =E25 | F26: =E26-D26 -> 0 | G26: =F26-10 -> -10
B27: 45986 | C27: =MONTH(B27)& "-" &YEAR(B27) -> 11-2025 | D27: 14019.6 | E27: 14027.6 | F27: =E27-D27 -> 8 | G27: =F27-10 -> -2
B28: 45987 | C28: =MONTH(B28)& "-" &YEAR(B28) -> 11-2025 | D28: =E27 -> 14027.6 | E28: 14035.1 | F28: =E28-D28 -> 7.5 | G28: =F28-10 -> -2.5
B29: 45988 | C29: =MONTH(B29)& "-" &YEAR(B29) -> 11-2025 | D29: =E28 -> 14035.1 | E29: 14042.6 | F29: =E29-D29 -> 7.5 | G29: =F29-10 -> -2.5
B30: 45989 | C30: =MONTH(B30)& "-" &YEAR(B30) -> 11-2025 | D30: =E29 -> 14042.6 | E30: 14051.7 | F30: =E30-D30 -> 9.1 | G30: =F30-10 -> -0.9 | H30: 1436
B31: 45990 | C31: =MONTH(B31)& "-" &YEAR(B31) -> 11-2025 | F31: =E31-D31 -> 0 | G31: =F31-10 -> -10
B32: 45991 | C32: =MONTH(B32)& "-" &YEAR(B32) -> 11-2025 | D32: =E31 | F32: =E32-D32 -> 0 | G32: =F32-10 -> -10
B33: 45992 | C33: =MONTH(B33)& "-" &YEAR(B33) -> 12-2025 | D33: =E32 | F33: =E33-D33 -> 0 | G33: =F33-10 -> -10
B34: 45993 | C34: =MONTH(B34)& "-" &YEAR(B34) -> 12-2025 | D34: =E33 | F34: =E34-D34 -> 0 | G34: =F34-10 -> -10
B35: 45994 | C35: =MONTH(B35)& "-" &YEAR(B35) -> 12-2025 | D35: =E34 | F35: =E35-D35 -> 0 | G35: =F35-10 -> -10
B36: 45995 | C36: =MONTH(B36)& "-" &YEAR(B36) -> 12-2025 | D36: =E35 | F36: =E36-D36 -> 0 | G36: =F36-10 -> -10
B37: 45996 | C37: =MONTH(B37)& "-" &YEAR(B37) -> 12-2025 | D37: =E36 | F37: =E37-D37 -> 0 | G37: =F37-10 -> -10
B38: 45997 | C38: =MONTH(B38)& "-" &YEAR(B38) -> 12-2025 | D38: =E37 | F38: =E38-D38 -> 0 | G38: =F38-10 -> -10
B39: 45998 | C39: =MONTH(B39)& "-" &YEAR(B39) -> 12-2025 | D39: =E38 | F39: =E39-D39 -> 0 | G39: =F39-10 -> -10
B40: 45999 | C40: =MONTH(B40)& "-" &YEAR(B40) -> 12-2025 | D40: =E39 | F40: =E40-D40 -> 0 | G40: =F40-10 -> -10
B41: 46000 | C41: =MONTH(B41)& "-" &YEAR(B41) -> 12-2025 | D41: =E40 | F41: =E41-D41 -> 0 | G41: =F41-10 -> -10
B42: 46001 | C42: =MONTH(B42)& "-" &YEAR(B42) -> 12-2025 | D42: =E41 | F42: =E42-D42 -> 0 | G42: =F42-10 -> -10
B43: 46002 | C43: =MONTH(B43)& "-" &YEAR(B43) -> 12-2025 | D43: =E42 | F43: =E43-D43 -> 0 | G43: =F43-10 -> -10
... B63: 46022 | C63: =MONTH(B63)& "-" &YEAR(B63) -> 12-2025 | D63: =E62 | F63: =E63-D63 -> 0 | G63: =F63-10 -> -10
B64: 46023 | C64: =MONTH(B64)& "-" &YEAR(B64) -> 1-2026 | F64: =E64-D64 -> 0 | G64: =F64-10 -> -10
B65: 46024 | C65: =MONTH(B65)& "-" &YEAR(B65) -> 1-2026 | F65: =E65-D65 -> 0 | G65: =F65-10 -> -10
B66: 46025 | C66: =MONTH(B66)& "-" &YEAR(B66) -> 1-2026 | F66: =E66-D66 -> 0 | G66: =F66-10 -> -10
B67: 46026 | C67: =MONTH(B67)& "-" &YEAR(B67) -> 1-2026 | F67: =E67-D67 -> 0 | G67: =F67-10 -> -10
B68: 46027 | C68: =MONTH(B68)& "-" &YEAR(B68) -> 1-2026 | D68: =E67 | F68: =E68-D68 -> 0 | G68: =F68-10 -> -10
B69: 46028 | C69: =MONTH(B69)& "-" &YEAR(B69) -> 1-2026 | D69: 14180.3 | E69: 14187 | F69: =E69-D69 -> 6.7 | G69: =F69-10 -> -3.3
B70: 46029 | C70: =MONTH(B70)& "-" &YEAR(B70) -> 1-2026 | D70: =E69 -> 14187 | E70: 14194.5 | F70: =E70-D70 -> 7.5 | G70: =F70-10 -> -2.5
B71: 46030 | C71: =MONTH(B71)& "-" &YEAR(B71) -> 1-2026 | D71: =E70 -> 14194.5 | E71: 14201.3 | F71: =E71-D71 -> 6.8 | G71: =F71-10 -> -3.2
B72: 46031 | C72: =MONTH(B72)& "-" &YEAR(B72) -> 1-2026 | D72: =E71 -> 14201.3 | E72: 14208.9 | F72: =E72-D72 -> 7.6 | G72: =F72-10 -> -2.4
B73: 46032 | C73: =MONTH(B73)& "-" &YEAR(B73) -> 1-2026 | D73: =E72 -> 14208.9 | E73: 14214.1 | F73: =E73-D73 -> 5.2 | G73: =F73-10 -> -4.8
B74: 46033 | C74: =MONTH(B74)& "-" &YEAR(B74) -> 1-2026 | F74: =E74-D74 -> 0 | G74: =F74-10 -> -10
B75: 46034 | C75: =MONTH(B75)& "-" &YEAR(B75) -> 1-2026 | D75: 14214.1 | E75: 14221.2 | F75: =E75-D75 -> 7.1 | G75: =F75-10 -> -2.9
B76: 46035 | C76: =MONTH(B76)& "-" &YEAR(B76) -> 1-2026 | D76: =E75 -> 14221.2 | E76: 14226.2 | F76: =E76-D76 -> 5 | G76: =F76-10 -> -5
B77: 46036 | C77: =MONTH(B77)& "-" &YEAR(B77) -> 1-2026 | D77: =E76 -> 14226.2 | E77: 14231.1 | F77: =E77-D77 -> 4.9 | G77: =F77-10 -> -5.1
B78: 46037 | C78: =MONTH(B78)& "-" &YEAR(B78) -> 1-2026 | D78: =E77 -> 14231.1 | E78: 14238.9 | F78: =E78-D78 -> 7.8 | G78: =F78-10 -> -2.2
B79: 46038 | C79: =MONTH(B79)& "-" &YEAR(B79) -> 1-2026 | D79: =E78 -> 14238.9 | E79: 14246.3 | F79: =E79-D79 -> 7.4 | G79: =F79-10 -> -2.6 | H79: 956
B80: 46039 | C80: =MONTH(B80)& "-" &YEAR(B80) -> 1-2026 | F80: =E80-D80 -> 0 | G80: =F80-10 -> -10
B81: 46040 | C81: =MONTH(B81)& "-" &YEAR(B81) -> 1-2026 | D81: =E80 | F81: =E81-D81 -> 0 | G81: =F81-10 -> -10
B82: 46041 | C82: =MONTH(B82)& "-" &YEAR(B82) -> 1-2026 | D82: =E81 | F82: =E82-D82 -> 0 | G82: =F82-10 -> -10
B83: 46042 | C83: =MONTH(B83)& "-" &YEAR(B83) -> 1-2026 | D83: =E82 | F83: =E83-D83 -> 0 | G83: =F83-10 -> -10
B84: 46043 | C84: =MONTH(B84)& "-" &YEAR(B84) -> 1-2026 | D84: =E83 | F84: =E84-D84 -> 0 | G84: =F84-10 -> -10
B85: 46044 | C85: =MONTH(B85)& "-" &YEAR(B85) -> 1-2026 | D85: =E84 | F85: =E85-D85 -> 0 | G85: =F85-10 -> -10
B86: 46045 | C86: =MONTH(B86)& "-" &YEAR(B86) -> 1-2026 | D86: =E85 | F86: =E86-D86 -> 0 | G86: =F86-10 -> -10
B87: 46046 | C87: =MONTH(B87)& "-" &YEAR(B87) -> 1-2026 | D87: =E86 | F87: =E87-D87 -> 0 | G87: =F87-10 -> -10
B88: 46047 | C88: =MONTH(B88)& "-" &YEAR(B88) -> 1-2026 | D88: =E87 | F88: =E88-D88 -> 0 | G88: =F88-10 -> -10
B89: 46048 | C89: =MONTH(B89)& "-" &YEAR(B89) -> 1-2026 | D89: =E88 | F89: =E89-D89 -> 0 | G89: =F89-10 -> -10
B90: 46049 | C90: =MONTH(B90)& "-" &YEAR(B90) -> 1-2026 | D90: =E89 | F90: =E90-D90 -> 0 | G90: =F90-10 -> -10
B91: 46050 | C91: =MONTH(B91)& "-" &YEAR(B91) -> 1-2026 | D91: =E90 | F91: =E91-D91 -> 0 | G91: =F91-10 -> -10
B92: 46051 | C92: =MONTH(B92)& "-" &YEAR(B92) -> 1-2026 | D92: =E91 | F92: =E92-D92 -> 0 | G92: =F92-10 -> -10
... B208: 46167 | C208: =MONTH(B208)& "-" &YEAR(B208) -> 5-2026 | D208: =E207 | F208: =E208-D208 -> 0 | G208: =F208-10 -> -10
B209: 46168 | D209: =E208 | F209: =E209-D209 -> 0 | G209: =F209-10 -> -10
B210: 46169 | D210: =E209 | F210: =E210-D210 -> 0 | G210: =F210-10 -> -10
B211: 46170 | D211: =E210 | F211: =E211-D211 -> 0 | G211: =F211-10 -> -10
B212: 46171 | D212: =E211 | F212: =E212-D212 -> 0 | G212: =F212-10 -> -10
B213: 46172 | D213: =E212 | F213: =E213-D213 -> 0 | G213: =F213-10 -> -10
B214: 46173 | D214: =E213 | F214: =E214-D214 -> 0 | G214: =F214-10 -> -10
B215: 46174 | D215: =E214 | F215: =E215-D215 -> 0 | G215: =F215-10 -> -10
B216: 46175 | D216: =E215
B217: 46176 | D217: =E216
B218: 46177 | D218: =E217
B219: 46178 | D219: =E218
B220: 46179 | D220: =E219
B221: 46180 | D221: =E220
B222: 46181 | D222: =E221
B223: 46182 | D223: =E222
B224: 46183 | D224: =E223
B225: 46184 | D225: =E224
B226: 46185 | D226: =E225
B227: 46186 | D227: =E226
... B257: 46216 | D257: =E256
B258: 46217
B259: 46218
B260: 46219
B261: 46220
B262: 46221
B263: 46222
B264: 46223
B265: 46224
...

Sheet Maq D51 - Caio
C2: =MONTH(B2)& "-" &YEAR(B2) -> 12-1899 | D2: 223.9 | E2: 234 | F2: =E2-D2 -> 10.1 | G2: =F2-10 -> 0.1
C3: =MONTH(B3)& "-" &YEAR(B3) -> 12-1899 | D3: =E2 -> 234 | E3: 239.9 | F3: =E3-D3 -> 5.9 | G3: =F3-10 -> -4.1
A4: 45903 | C4: =MONTH(B4)& "-" &YEAR(B4) -> 12-1899 | F4: =E4-D4 -> 0 | G4: =F4-10 -> -10
A5: 45904 | C5: =MONTH(B5)& "-" &YEAR(B5) -> 12-1899 | F5: =E5-D5 -> 0 | G5: =F5-10 -> -10
A6: 45905 | C6: =MONTH(B6)& "-" &YEAR(B6) -> 12-1899 | F6: =E6-D6 -> 0 | G6: =F6-10 -> -10
A7: 45906 | C7: =MONTH(B7)& "-" &YEAR(B7) -> 12-1899 | F7: =E7-D7 -> 0 | G7: =F7-10 -> -10
A8: 45907 | C8: =MONTH(B8)& "-" &YEAR(B8) -> 12-1899 | F8: =E8-D8 -> 0 | G8: =F8-10 -> -10
A9: 45908 | C9: =MONTH(B9)& "-" &YEAR(B9) -> 12-1899 | F9: =E9-D9 -> 0 | G9: =F9-10 -> -10
A10: 45909 | C10: =MONTH(B10)& "-" &YEAR(B10) -> 12-1899 | F10: =E10-D10 -> 0 | G10: =F10-10 -> -10
A11: 45910 | C11: =MONTH(B11)& "-" &YEAR(B11) -> 12-1899 | F11: =E11-D11 -> 0 | G11: =F11-10 -> -10
A12: 45911 | C12: =MONTH(B12)& "-" &YEAR(B12) -> 12-1899 | F12: =E12-D12 -> 0 | G12: =F12-10 -> -10
A13: 45912 | C13: =MONTH(B13)& "-" &YEAR(B13) -> 12-1899 | F13: =E13-D13 -> 0 | G13: =F13-10 -> -10
A14: 45913 | C14: =MONTH(B14)& "-" &YEAR(B14) -> 12-1899 | F14: =E14-D14 -> 0 | G14: =F14-10 -> -10
A15: 45914 | C15: =MONTH(B15)& "-" &YEAR(B15) -> 12-1899 | F15: =E15-D15 -> 0 | G15: =F15-10 -> -10
... A31: 45930 | C31: =MONTH(B31)& "-" &YEAR(B31) -> 12-1899 | F31: =E31-D31 -> 0 | G31: =F31-10 -> -10
C32: =MONTH(B32)& "-" &YEAR(B32) -> 12-1899 | F32: =E32-D32 -> 0 | G32: =F32-10 -> -10
C33: =MONTH(B33)& "-" &YEAR(B33) -> 12-1899 | F33: =E33-D33 -> 0 | G33: =F33-10 -> -10
C34: =MONTH(B34)& "-" &YEAR(B34) -> 12-1899 | F34: =E34-D34 -> 0 | G34: =F34-10 -> -10
C35: =MONTH(B35)& "-" &YEAR(B35) -> 12-1899 | D35: =E4 | F35: =E35-D35 -> 0 | G35: =F35-10 -> -10
C36: =MONTH(B36)& "-" &YEAR(B36) -> 12-1899 | D36: 239.9 | E36: 248.9 | F36: =E36-D36 -> 9 | G36: =F36-10 -> -1
C37: =MONTH(B37)& "-" &YEAR(B37) -> 12-1899 | D37: =E36 -> 248.9 | E37: 259.7 | F37: =E37-D37 -> 10.8 | G37: =F37-10 -> 0.8
C38: =MONTH(B38)& "-" &YEAR(B38) -> 12-1899 | D38: =E37 -> 259.7 | E38: 271 | F38: =E38-D38 -> 11.3 | G38: =F38-10 -> 1.3
C39: =MONTH(B39)& "-" &YEAR(B39) -> 12-1899 | D39: =E38 -> 271 | E39: 281.7 | F39: =E39-D39 -> 10.7 | G39: =F39-10 -> 0.7
C40: =MONTH(B40)& "-" &YEAR(B40) -> 12-1899 | D40: =E39 -> 281.7 | E40: 283.7 | F40: =E40-D40 -> 2 | G40: =F40-10 -> -8
C41: =MONTH(B41)& "-" &YEAR(B41) -> 12-1899 | F41: =E41-D41 -> 0 | G41: =F41-10 -> -10
C42: =MONTH(B42)& "-" &YEAR(B42) -> 12-1899 | D42: =E41 | F42: =E42-D42 -> 0 | G42: =F42-10 -> -10
C43: =MONTH(B43)& "-" &YEAR(B43) -> 12-1899 | D43: =E42 | F43: =E43-D43 -> 0 | G43: =F43-10 -> -10
C44: =MONTH(B44)& "-" &YEAR(B44) -> 12-1899 | D44: 283.7 | E44: 292.7 | F44: =E44-D44 -> 9 | G44: =F44-10 -> -1
C45: =MONTH(B45)& "-" &YEAR(B45) -> 12-1899 | D45: =E44 -> 292.7 | E45: 303.7 | F45: =E45-D45 -> 11 | G45: =F45-10 -> 1
C46: =MONTH(B46)& "-" &YEAR(B46) -> 12-1899 | D46: =E45 -> 303.7 | E46: 314 | F46: =E46-D46 -> 10.3 | G46: =F46-10 -> 0.3
C47: =MONTH(B47)& "-" &YEAR(B47) -> 12-1899 | D47: =E46 -> 314 | E47: 324 | F47: =E47-D47 -> 10 | G47: =F47-10 -> 0
C48: =MONTH(B48)& "-" &YEAR(B48) -> 12-1899 | D48: =E47 -> 324 | E48: 328.1 | F48: =E48-D48 -> 4.1 | G48: =F48-10 -> -5.9
C49: =MONTH(B49)& "-" &YEAR(B49) -> 12-1899 | F49: =E49-D49 -> 0 | G49: =F49-10 -> -10
C50: =MONTH(B50)& "-" &YEAR(B50) -> 12-1899 | D50: 328.1 | E50: 338.5 | F50: =E50-D50 -> 10.4 | G50: =F50-10 -> 0.4
C51: =MONTH(B51)& "-" &YEAR(B51) -> 12-1899 | D51: =E50 -> 338.5 | E51: 349 | F51: =E51-D51 -> 10.5 | G51: =F51-10 -> 0.5
C52: =MONTH(B52)& "-" &YEAR(B52) -> 12-1899 | D52: =E51 -> 349 | E52: 356.8 | F52: =E52-D52 -> 7.8 | G52: =F52-10 -> -2.2
C53: =MONTH(B53)& "-" &YEAR(B53) -> 12-1899 | D53: =E52 -> 356.8 | E53: 368.8 | F53: =E53-D53 -> 12 | G53: =F53-10 -> 2
C54: =MONTH(B54)& "-" &YEAR(B54) -> 12-1899 | D54: =E53 -> 368.8 | E54: 378 | F54: =E54-D54 -> 9.2 | G54: =F54-10 -> -0.8
C55: =MONTH(B55)& "-" &YEAR(B55) -> 12-1899 | F55: =E55-D55 -> 0 | G55: =F55-10 -> -10
C56: =MONTH(B56)& "-" &YEAR(B56) -> 12-1899 | D56: =E55 | F56: =E56-D56 -> 0 | G56: =F56-10 -> -10
C57: =MONTH(B57)& "-" &YEAR(B57) -> 12-1899 | D57: 378 | E57: 388.5 | F57: =E57-D57 -> 10.5 | G57: =F57-10 -> 0.5
C58: =MONTH(B58)& "-" &YEAR(B58) -> 12-1899 | D58: =E57 -> 388.5 | E58: 399 | F58: =E58-D58 -> 10.5 | G58: =F58-10 -> 0.5
C59: =MONTH(B59)& "-" &YEAR(B59) -> 12-1899 | D59: =E58 -> 399 | E59: 409 | F59: =E59-D59 -> 10 | G59: =F59-10 -> 0
C60: =MONTH(B60)& "-" &YEAR(B60) -> 12-1899 | D60: =E59 -> 409 | E60: 420 | F60: =E60-D60 -> 11 | G60: =F60-10 -> 1
C61: =MONTH(B61)& "-" &YEAR(B61) -> 12-1899 | D61: =E60 -> 420 | E61: 431 | F61: =E61-D61 -> 11 | G61: =F61-10 -> 1
C62: =MONTH(B62)& "-" &YEAR(B62) -> 12-1899 | D62: =E61 -> 431 | E62: 434 | F62: =E62-D62 -> 3 | G62: =F62-10 -> -7
C63: =MONTH(B63)& "-" &YEAR(B63) -> 12-1899 | F63: =E63-D63 -> 0 | G63: =F63-10 -> -10
B64: 45901 | C64: =MONTH(B64)& "-" &YEAR(B64) -> 9-2025 | D64: 434 | E64: 444 | F64: =E64-D64 -> 10 | G64: =F64-10 -> 0
B65: 45902 | C65: =MONTH(B65)& "-" &YEAR(B65) -> 9-2025 | D65: =E64 -> 444 | E65: 454 | F65: =E65-D65 -> 10 | G65: =F65-10 -> 0
B66: 45903 | C66: =MONTH(B66)& "-" &YEAR(B66) -> 9-2025 | D66: =E65 -> 454 | E66: 464 | F66: =E66-D66 -> 10 | G66: =F66-10 -> 0
B67: 45904 | C67: =MONTH(B67)& "-" &YEAR(B67) -> 9-2025 | D67: =E66 -> 464 | E67: 474 | F67: =E67-D67 -> 10 | G67: =F67-10 -> 0
B68: 45905 | C68: =MONTH(B68)& "-" &YEAR(B68) -> 9-2025 | D68: =E67 -> 474 | E68: 484 | F68: =E68-D68 -> 10 | G68: =F68-10 -> 0
B69: 45906 | C69: =MONTH(B69)& "-" &YEAR(B69) -> 9-2025 | F69: =E69-D69 -> 0 | G69: =F69-10 -> -10
B70: 45907 | C70: =MONTH(B70)& "-" &YEAR(B70) -> 9-2025 | D70: =E69 | F70: =E70-D70 -> 0 | G70: =F70-10 -> -10
B71: 45908 | C71: =MONTH(B71)& "-" &YEAR(B71) -> 9-2025 | D71: 484 | E71: 493 | F71: =E71-D71 -> 9 | G71: =F71-10 -> -1
B72: 45909 | C72: =MONTH(B72)& "-" &YEAR(B72) -> 9-2025 | D72: =E71 -> 493 | E72: 503 | F72: =E72-D72 -> 10 | G72: =F72-10 -> 0
B73: 45910 | C73: =MONTH(B73)& "-" &YEAR(B73) -> 9-2025 | D73: =E72 -> 503 | E73: 512 | F73: =E73-D73 -> 9 | G73: =F73-10 -> -1
B74: 45911 | C74: =MONTH(B74)& "-" &YEAR(B74) -> 9-2025 | D74: =E73 -> 512 | E74: 522 | F74: =E74-D74 -> 10 | G74: =F74-10 -> 0
B75: 45912 | C75: =MONTH(B75)& "-" &YEAR(B75) -> 9-2025 | D75: =E74 -> 522 | E75: 527.5 | F75: =E75-D75 -> 5.5 | G75: =F75-10 -> -4.5
B76: 45913 | C76: =MONTH(B76)& "-" &YEAR(B76) -> 9-2025 | F76: =E76-D76 -> 0 | G76: =F76-10 -> -10
B77: 45914 | C77: =MONTH(B77)& "-" &YEAR(B77) -> 9-2025 | D77: =E76 | F77: =E77-D77 -> 0 | G77: =F77-10 -> -10
B78: 45915 | C78: =MONTH(B78)& "-" &YEAR(B78) -> 9-2025 | D78: 527.5 | E78: 536 | F78: =E78-D78 -> 8.5 | G78: =F78-10 -> -1.5
B79: 45916 | C79: =MONTH(B79)& "-" &YEAR(B79) -> 9-2025 | D79: =E78 -> 536 | E79: 540 | F79: =E79-D79 -> 4 | G79: =F79-10 -> -6
B80: 45917 | C80: =MONTH(B80)& "-" &YEAR(B80) -> 9-2025 | D80: =E79 -> 540 | E80: 543 | F80: =E80-D80 -> 3 | G80: =F80-10 -> -7
B81: 45918 | C81: =MONTH(B81)& "-" &YEAR(B81) -> 9-2025 | D81: =E80 -> 543 | E81: 553.5 | F81: =E81-D81 -> 10.5 | G81: =F81-10 -> 0.5
B82: 45919 | C82: =MONTH(B82)& "-" &YEAR(B82) -> 9-2025 | D82: =E81 -> 553.5 | E82: 563.8 | F82: =E82-D82 -> 10.3 | G82: =F82-10 -> 0.3
B83: 45920 | C83: =MONTH(B83)& "-" &YEAR(B83) -> 9-2025 | F83: =E83-D83 -> 0 | G83: =F83-10 -> -10
B84: 45921 | C84: =MONTH(B84)& "-" &YEAR(B84) -> 9-2025 | D84: =E83 | F84: =E84-D84 -> 0 | G84: =F84-10 -> -10
B85: 45922 | C85: =MONTH(B85)& "-" &YEAR(B85) -> 9-2025 | D85: 563.8 | E85: 572.5 | F85: =E85-D85 -> 8.7 | G85: =F85-10 -> -1.3
B86: 45923 | C86: =MONTH(B86)& "-" &YEAR(B86) -> 9-2025 | D86: =E85 -> 572.5 | E86: 584 | F86: =E86-D86 -> 11.5 | G86: =F86-10 -> 1.5
B87: 45924 | C87: =MONTH(B87)& "-" &YEAR(B87) -> 9-2025 | D87: =E86 -> 584 | E87: 594.5 | F87: =E87-D87 -> 10.5 | G87: =F87-10 -> 0.5
B88: 45925 | C88: =MONTH(B88)& "-" &YEAR(B88) -> 9-2025 | D88: =E87 -> 594.5 | E88: 604 | F88: =E88-D88 -> 9.5 | G88: =F88-10 -> -0.5
B89: 45926 | C89: =MONTH(B89)& "-" &YEAR(B89) -> 9-2025 | D89: =E88 -> 604 | E89: 614 | F89: =E89-D89 -> 10 | G89: =F89-10 -> 0
B90: 45927 | C90: =MONTH(B90)& "-" &YEAR(B90) -> 9-2025 | F90: =E90-D90 -> 0 | G90: =F90-10 -> -10
B91: 45928 | C91: =MONTH(B91)& "-" &YEAR(B91) -> 9-2025 | D91: =E90 | F91: =E91-D91 -> 0 | G91: =F91-10 -> -10
B92: 45929 | C92: =MONTH(B92)& "-" &YEAR(B92) -> 9-2025 | D92: 614 | E92: 624 | F92: =E92-D92 -> 10 | G92: =F92-10 -> 0
B93: 45930 | C93: =MONTH(B93)& "-" &YEAR(B93) -> 9-2025 | D93: =E92 -> 624 | E93: 634 | F93: =E93-D93 -> 10 | G93: =F93-10 -> 0
B94: 45931 | C94: =MONTH(B94)& "-" &YEAR(B94) -> 10-2025 | D94: =E93 -> 634 | F94: =E94-D94 -> -634 | G94: =F94-10 -> -644
B95: 45932 | C95: =MONTH(B95)& "-" &YEAR(B95) -> 10-2025 | D95: =E94 | F95: =E95-D95 -> 0 | G95: =F95-10 -> -10
B96: 45933 | C96: =MONTH(B96)& "-" &YEAR(B96) -> 10-2025 | D96: =E95 | F96: =E96-D96 -> 0 | G96: =F96-10 -> -10
B97: 45934 | C97: =MONTH(B97)& "-" &YEAR(B97) -> 10-2025 | D97: =E96 | F97: =E97-D97 -> 0 | G97: =F97-10 -> -10
B98: 45935 | C98: =MONTH(B98)& "-" &YEAR(B98) -> 10-2025 | D98: =E97 | F98: =E98-D98 -> 0 | G98: =F98-10 -> -10
B99: 45936 | C99: =MONTH(B99)& "-" &YEAR(B99) -> 10-2025 | D99: =E98 | F99: =E99-D99 -> 0 | G99: =F99-10 -> -10
B100: 45937 | C100: =MONTH(B100)& "-" &YEAR(B100) -> 10-2025 | D100: =E99 | F100: =E100-D100 -> 0 | G100: =F100-10 -> -10
B101: 45938 | C101: =MONTH(B101)& "-" &YEAR(B101) -> 10-2025 | D101: =E100 | F101: =E101-D101 -> 0 | G101: =F101-10 -> -10
B102: 45939 | C102: =MONTH(B102)& "-" &YEAR(B102) -> 10-2025 | D102: =E101 | F102: =E102-D102 -> 0 | G102: =F102-10 -> -10
B103: 45940 | C103: =MONTH(B103)& "-" &YEAR(B103) -> 10-2025 | D103: =E102 | F103: =E103-D103 -> 0 | G103: =F103-10 -> -10
B104: 45941 | C104: =MONTH(B104)& "-" &YEAR(B104) -> 10-2025 | D104: =E103 | F104: =E104-D104 -> 0 | G104: =F104-10 -> -10
B105: 45942 | C105: =MONTH(B105)& "-" &YEAR(B105) -> 10-2025 | D105: =E104 | F105: =E105-D105 -> 0 | G105: =F105-10 -> -10
... B114: 45951 | C114: =MONTH(B114)& "-" &YEAR(B114) -> 10-2025 | D114: =E113 | F114: =E114-D114 -> 0 | G114: =F114-10 -> -10
C115: =MONTH(B115)& "-" &YEAR(B115) -> 12-1899 | D115: =E114 | F115: =E115-D115 -> 0 | G115: =F115-10 -> -10
C116: =MONTH(B116)& "-" &YEAR(B116) -> 12-1899 | D116: =E115 | F116: =E116-D116 -> 0 | G116: =F116-10 -> -10
C117: =MONTH(B117)& "-" &YEAR(B117) -> 12-1899 | D117: =E116 | F117: =E117-D117 -> 0 | G117: =F117-10 -> -10
C118: =MONTH(B118)& "-" &YEAR(B118) -> 12-1899 | D118: =E117 | F118: =E118-D118 -> 0 | G118: =F118-10 -> -10
C119: =MONTH(B119)& "-" &YEAR(B119) -> 12-1899 | D119: =E118 | F119: =E119-D119 -> 0 | G119: =F119-10 -> -10
C120: =MONTH(B120)& "-" &YEAR(B120) -> 12-1899 | D120: =E119 | F120: =E120-D120 -> 0 | G120: =F120-10 -> -10
C121: =MONTH(B121)& "-" &YEAR(B121) -> 12-1899 | D121: =E120 | F121: =E121-D121 -> 0 | G121: =F121-10 -> -10
C122: =MONTH(B122)& "-" &YEAR(B122) -> 12-1899 | D122: =E121 | F122: =E122-D122 -> 0 | G122: =F122-10 -> -10
C123: =MONTH(B123)& "-" &YEAR(B123) -> 12-1899 | D123: =E122 | F123: =E123-D123 -> 0 | G123: =F123-10 -> -10
C124: =MONTH(B124)& "-" &YEAR(B124) -> 12-1899 | D124: =E123 | F124: =E124-D124 -> 0 | G124: =F124-10 -> -10
...

Sheet D51 julio
B3: 45627 | C3: =MONTH(B3)& "-" &YEAR(B3) -> 12-2024 | D3: =E2 | F3: =E3-D3 -> 0 | G3: =F3-10 -> -10
B4: 45628 | C4: =MONTH(B4)& "-" &YEAR(B4) -> 12-2024 | D4: 2086 | E4: 2088.3 | F4: =E4-D4 -> 2.3 | G4: =F4-10 -> -7.7
B5: 45629 | C5: =MONTH(B5)& "-" &YEAR(B5) -> 12-2024 | F5: =E5-D5 -> 0 | G5: =F5-10 -> -10
B6: 45630 | C6: =MONTH(B6)& "-" &YEAR(B6) -> 12-2024 | D6: =E5 | F6: =E6-D6 -> 0 | G6: =F6-10 -> -10
B7: 45631 | C7: =MONTH(B7)& "-" &YEAR(B7) -> 12-2024 | D7: =E6 | F7: =E7-D7 -> 0 | G7: =F7-10 -> -10
B8: 45632 | C8: =MONTH(B8)& "-" &YEAR(B8) -> 12-2024 | D8: 2088.3 | E8: 2096.2 | F8: =E8-D8 -> 7.9 | G8: =F8-10 -> -2.1
B9: 45633 | C9: =MONTH(B9)& "-" &YEAR(B9) -> 12-2024 | D9: =E8 -> 2096.2 | E9: 2104.1 | F9: =E9-D9 -> 7.9 | G9: =F9-10 -> -2.1
B10: 45634 | C10: =MONTH(B10)& "-" &YEAR(B10) -> 12-2024 | D10: =E9 -> 2104.1 | E10: 2111 | F10: =E10-D10 -> 6.9 | G10: =F10-10 -> -3.1
B11: 45635 | C11: =MONTH(B11)& "-" &YEAR(B11) -> 12-2024 | D11: =E10 -> 2111 | E11: 2117 | F11: =E11-D11 -> 6 | G11: =F11-10 -> -4
B12: 45636 | C12: =MONTH(B12)& "-" &YEAR(B12) -> 12-2024 | D12: =E11 -> 2117 | E12: 2124.2 | F12: =E12-D12 -> 7.2 | G12: =F12-10 -> -2.8
B13: 45637 | C13: =MONTH(B13)& "-" &YEAR(B13) -> 12-2024 | D13: =E12 -> 2124.2 | E13: 2130 | F13: =E13-D13 -> 5.8 | G13: =F13-10 -> -4.2
B14: 45638 | C14: =MONTH(B14)& "-" &YEAR(B14) -> 12-2024 | D14: =E13 -> 2130 | E14: 2135.5 | F14: =E14-D14 -> 5.5 | G14: =F14-10 -> -4.5
B15: 45639 | C15: =MONTH(B15)& "-" &YEAR(B15) -> 12-2024 | D15: =E14 -> 2135.5 | E15: 2145.5 | F15: =E15-D15 -> 10 | G15: =F15-10 -> 0
B16: 45640 | C16: =MONTH(B16)& "-" &YEAR(B16) -> 12-2024 | F16: =E16-D16 -> 0 | G16: =F16-10 -> -10
B17: 45641 | C17: =MONTH(B17)& "-" &YEAR(B17) -> 12-2024 | D17: =E16 | F17: =E17-D17 -> 0 | G17: =F17-10 -> -10
B18: 45642 | C18: =MONTH(B18)& "-" &YEAR(B18) -> 12-2024 | D18: =E17 | F18: =E18-D18 -> 0 | G18: =F18-10 -> -10
B19: 45643 | C19: =MONTH(B19)& "-" &YEAR(B19) -> 12-2024 | D19: 2143.5 | E19: 2148.5 | F19: =E19-D19 -> 5 | G19: =F19-10 -> -5
B20: 45644 | C20: =MONTH(B20)& "-" &YEAR(B20) -> 12-2024 | D20: =E19 -> 2148.5 | E20: 2156.1 | F20: =E20-D20 -> 7.6 | G20: =F20-10 -> -2.4
B21: 45645 | C21: =MONTH(B21)& "-" &YEAR(B21) -> 12-2024 | D21: =E20 -> 2156.1 | E21: 2163.3 | F21: =E21-D21 -> 7.2 | G21: =F21-10 -> -2.8
B22: 45646 | C22: =MONTH(B22)& "-" &YEAR(B22) -> 12-2024 | D22: =E21 -> 2163.3 | E22: 2171.3 | F22: =E22-D22 -> 8 | G22: =F22-10 -> -2
B23: 45647 | C23: =MONTH(B23)& "-" &YEAR(B23) -> 12-2024 | F23: =E23-D23 -> 0 | G23: =F23-10 -> -10
B24: 45648 | C24: =MONTH(B24)& "-" &YEAR(B24) -> 12-2024 | D24: =E23 | F24: =E24-D24 -> 0 | G24: =F24-10 -> -10
B25: 45649 | C25: =MONTH(B25)& "-" &YEAR(B25) -> 12-2024 | D25: =E24 | F25: =E25-D25 -> 0 | G25: =F25-10 -> -10
B26: 45650 | C26: =MONTH(B26)& "-" &YEAR(B26) -> 12-2024 | D26: 2171.3 | E26: 2173 | F26: =E26-D26 -> 1.7 | G26: =F26-10 -> -8.3
B27: 45651 | C27: =MONTH(B27)& "-" &YEAR(B27) -> 12-2024 | F27: =E27-D27 -> 0 | G27: =F27-10 -> -10
B28: 45652 | C28: =MONTH(B28)& "-" &YEAR(B28) -> 12-2024 | D28: =E27 | F28: =E28-D28 -> 0 | G28: =F28-10 -> -10
B29: 45653 | C29: =MONTH(B29)& "-" &YEAR(B29) -> 12-2024 | D29: =E28 | F29: =E29-D29 -> 0 | G29: =F29-10 -> -10
B30: 45654 | C30: =MONTH(B30)& "-" &YEAR(B30) -> 12-2024 | D30: =E29 | F30: =E30-D30 -> 0 | G30: =F30-10 -> -10
B31: 45655 | C31: =MONTH(B31)& "-" &YEAR(B31) -> 12-2024 | D31: =E30 | F31: =E31-D31 -> 0 | G31: =F31-10 -> -10
B32: 45656 | C32: =MONTH(B32)& "-" &YEAR(B32) -> 12-2024 | D32: 2173 | E32: 2176 | F32: =E32-D32 -> 3 | G32: =F32-10 -> -7
B33: 45657 | C33: =MONTH(B33)& "-" &YEAR(B33) -> 12-2024 | F33: =E33-D33 -> 0 | G33: =F33-10 -> -10
B34: 45658 | C34: =MONTH(B34)& "-" &YEAR(B34) -> 1-2025 | F34: =E34-D34 -> 0 | G34: =F34-10 -> -10
B35: 45659 | C35: =MONTH(B35)& "-" &YEAR(B35) -> 1-2025 | D35: 2176 | E35: 2179.4 | F35: =E35-D35 -> 3.4 | G35: =F35-10 -> -6.6
B36: 45660 | C36: =MONTH(B36)& "-" &YEAR(B36) -> 1-2025 | F36: =E36-D36 -> 0 | G36: =F36-10 -> -10
B37: 45661 | C37: =MONTH(B37)& "-" &YEAR(B37) -> 1-2025 | F37: =E37-D37 -> 0 | G37: =F37-10 -> -10
B38: 45662 | C38: =MONTH(B38)& "-" &YEAR(B38) -> 1-2025 | F38: =E38-D38 -> 0 | G38: =F38-10 -> -10
B39: 45663 | C39: =MONTH(B39)& "-" &YEAR(B39) -> 1-2025 | F39: =E39-D39 -> 0 | G39: =F39-10 -> -10
B40: 45664 | C40: =MONTH(B40)& "-" &YEAR(B40) -> 1-2025 | D40: =E35 -> 2179.4 | E40: 2187.4 | F40: =E40-D40 -> 8 | G40: =F40-10 -> -2 | H40: 225 | I40: cliente
B41: 45665 | C41: =MONTH(B41)& "-" &YEAR(B41) -> 1-2025 | F41: =E41-D41 -> 0 | G41: =F41-10 -> -10
B42: 45666 | C42: =MONTH(B42)& "-" &YEAR(B42) -> 1-2025 | D42: =E41 | F42: =E42-D42 -> 0 | G42: =F42-10 -> -10
B43: 45667 | C43: =MONTH(B43)& "-" &YEAR(B43) -> 1-2025 | D43: 8785.9 | E43: 8789.5 | F43: =E43-D43 -> 3.6 | G43: =F43-10 -> -6.4 | H43: 235 | I43: 220 Silvinho- marcal
B44: 45668 | C44: =MONTH(B44)& "-" &YEAR(B44) -> 1-2025 | D44: =E43 -> 8789.5 | E44: 8796.8 | F44: =E44-D44 -> 7.3 | G44: =F44-10 -> -2.7
B45: 45669 | C45: =MONTH(B45)& "-" &YEAR(B45) -> 1-2025 | F45: =E45-D45 -> 0 | G45: =F45-10 -> -10
B46: 45670 | C46: =MONTH(B46)& "-" &YEAR(B46) -> 1-2025 | D46: 2187.4 | E46: 2194.7 | F46: =E46-D46 -> 7.3 | G46: =F46-10 -> -2.7
B47: 45671 | C47: =MONTH(B47)& "-" &YEAR(B47) -> 1-2025 | F47: =E47-D47 -> 0 | G47: =F47-10 -> -10
B48: 45672 | C48: =MONTH(B48)& "-" &YEAR(B48) -> 1-2025 | D48: =E47 | F48: =E48-D48 -> 0 | G48: =F48-10 -> -10
B49: 45673 | C49: =MONTH(B49)& "-" &YEAR(B49) -> 1-2025 | D49: 2194.7 | E49: 2202.1 | F49: =E49-D49 -> 7.4 | G49: =F49-10 -> -2.6
B50: 45674 | C50: =MONTH(B50)& "-" &YEAR(B50) -> 1-2025 | F50: =E50-D50 -> 0 | G50: =F50-10 -> -10
B51: 45675 | C51: =MONTH(B51)& "-" &YEAR(B51) -> 1-2025 | D51: 2202.1 | E51: 2205.6 | F51: =E51-D51 -> 3.5 | G51: =F51-10 -> -6.5
B52: 45676 | C52: =MONTH(B52)& "-" &YEAR(B52) -> 1-2025 | F52: =E52-D52 -> 0 | G52: =F52-10 -> -10
B53: 45677 | C53: =MONTH(B53)& "-" &YEAR(B53) -> 1-2025 | D53: 2205.6 | E53: 2215.1 | F53: =E53-D53 -> 9.5 | G53: =F53-10 -> -0.5 | H53: 45 | I53: sbl
B54: 45678 | C54: =MONTH(B54)& "-" &YEAR(B54) -> 1-2025 | D54: =E53 -> 2215.1 | E54: 2223.7 | F54: =E54-D54 -> 8.6 | G54: =F54-10 -> -1.4
B55: 45679 | C55: =MONTH(B55)& "-" &YEAR(B55) -> 1-2025 | D55: =E54 -> 2223.7 | E55: 2234.7 | F55: =E55-D55 -> 11 | G55: =F55-10 -> 1 | H55: 220 | I55: Cliente
B56: 45680 | C56: =MONTH(B56)& "-" &YEAR(B56) -> 1-2025 | D56: =E55 -> 2234.7 | E56: 2240.1 | F56: =E56-D56 -> 5.4 | G56: =F56-10 -> -4.6
B57: 45681 | C57: =MONTH(B57)& "-" &YEAR(B57) -> 1-2025 | D57: 8904.4 | E57: 8912.9 | F57: =E57-D57 -> 8.5 | G57: =F57-10 -> -1.5 | H57: 260 | I57: 220 silvininho - sbl
B58: 45682 | C58: =MONTH(B58)& "-" &YEAR(B58) -> 1-2025 | F58: =E58-D58 -> 0 | G58: =F58-10 -> -10
B59: 45683 | C59: =MONTH(B59)& "-" &YEAR(B59) -> 1-2025 | D59: =E58 | F59: =E59-D59 -> 0 | G59: =F59-10 -> -10
B60: 45684 | C60: =MONTH(B60)& "-" &YEAR(B60) -> 1-2025 | D60: =E59 | F60: =E60-D60 -> 0 | G60: =F60-10 -> -10
B61: 45685 | C61: =MONTH(B61)& "-" &YEAR(B61) -> 1-2025 | D61: =E60 | F61: =E61-D61 -> 0 | G61: =F61-10 -> -10
B62: 45686 | C62: =MONTH(B62)& "-" &YEAR(B62) -> 1-2025 | D62: =E61 | F62: =E62-D62 -> 0 | G62: =F62-10 -> -10
B63: 45687 | C63: =MONTH(B63)& "-" &YEAR(B63) -> 1-2025 | D63: =E62 | F63: =E63-D63 -> 0 | G63: =F63-10 -> -10
B64: 45688 | C64: =MONTH(B64)& "-" &YEAR(B64) -> 1-2025 | D64: =E63 | F64: =E64-D64 -> 0 | G64: =F64-10 -> -10
B65: 45689 | C65: =MONTH(B65)& "-" &YEAR(B65) -> 2-2025 | D65: =E64 | F65: =E65-D65 -> 0 | G65: =F65-10 -> -10
B66: 45690 | C66: =MONTH(B66)& "-" &YEAR(B66) -> 2-2025 | D66: =E65 | F66: =E66-D66 -> 0 | G66: =F66-10 -> -10
B67: 45691 | C67: =MONTH(B67)& "-" &YEAR(B67) -> 2-2025 | D67: =E66 | F67: =E67-D67 -> 0 | G67: =F67-10 -> -10
B68: 45692 | C68: =MONTH(B68)& "-" &YEAR(B68) -> 2-2025 | D68: =E67 | F68: =E68-D68 -> 0 | G68: =F68-10 -> -10
B69: 45693 | C69: =MONTH(B69)& "-" &YEAR(B69) -> 2-2025 | D69: =E68 | F69: =E69-D69 -> 0 | G69: =F69-10 -> -10
B70: 45694 | C70: =MONTH(B70)& "-" &YEAR(B70) -> 2-2025 | D70: =E69 | F70: =E70-D70 -> 0 | G70: =F70-10 -> -10
... B86: 45710 | C86: =MONTH(B86)& "-" &YEAR(B86) -> 2-2025 | D86: =E85 | F86: =E86-D86 -> 0 | G86: =F86-10 -> -10
C87: =MONTH(B87)& "-" &YEAR(B87) -> 12-1899 | D87: =E86 | F87: =E87-D87 -> 0 | G87: =F87-10 -> -10
C88: =MONTH(B88)& "-" &YEAR(B88) -> 12-1899 | D88: =E87 | F88: =E88-D88 -> 0 | G88: =F88-10 -> -10
C89: =MONTH(B89)& "-" &YEAR(B89) -> 12-1899 | D89: =E88 | F89: =E89-D89 -> 0 | G89: =F89-10 -> -10
C90: =MONTH(B90)& "-" &YEAR(B90) -> 12-1899 | D90: =E89 | F90: =E90-D90 -> 0 | G90: =F90-10 -> -10
B91: 45901 | C91: =MONTH(B91)& "-" &YEAR(B91) -> 9-2025 | D91: =E90 | F91: =E91-D91 -> 0 | G91: =F91-10 -> -10
B92: 45902 | C92: =MONTH(B92)& "-" &YEAR(B92) -> 9-2025 | D92: =E91 | F92: =E92-D92 -> 0 | G92: =F92-10 -> -10
B93: 45903 | C93: =MONTH(B93)& "-" &YEAR(B93) -> 9-2025 | D93: =E92 | F93: =E93-D93 -> 0 | G93: =F93-10 -> -10
B94: 45904 | C94: =MONTH(B94)& "-" &YEAR(B94) -> 9-2025 | D94: =E93 | F94: =E94-D94 -> 0 | G94: =F94-10 -> -10
B95: 45905 | C95: =MONTH(B95)& "-" &YEAR(B95) -> 9-2025 | D95: =E94 | F95: =E95-D95 -> 0 | G95: =F95-10 -> -10
B96: 45906 | C96: =MONTH(B96)& "-" &YEAR(B96) -> 9-2025 | D96: =E95 | F96: =E96-D96 -> 0 | G96: =F96-10 -> -10
B97: 45907 | C97: =MONTH(B97)& "-" &YEAR(B97) -> 9-2025 | D97: =E96 | F97: =E97-D97 -> 0 | G97: =F97-10 -> -10
B98: 45908 | C98: =MONTH(B98)& "-" &YEAR(B98) -> 9-2025 | D98: =E97 | F98: =E98-D98 -> 0 | G98: =F98-10 -> -10
B99: 45909 | C99: =MONTH(B99)& "-" &YEAR(B99) -> 9-2025 | D99: =E98 | F99: =E99-D99 -> 0 | G99: =F99-10 -> -10
B100: 45910 | C100: =MONTH(B100)& "-" &YEAR(B100) -> 9-2025 | D100: =E99 | F100: =E100-D100 -> 0 | G100: =F100-10 -> -10
B101: 45911 | C101: =MONTH(B101)& "-" &YEAR(B101) -> 9-2025 | D101: =E100 | F101: =E101-D101 -> 0 | G101: =F101-10 -> -10
B102: 45912 | C102: =MONTH(B102)& "-" &YEAR(B102) -> 9-2025 | D102: =E101 | F102: =E102-D102 -> 0 | G102: =F102-10 -> -10
... B121: 45931 | C121: =MONTH(B121)& "-" &YEAR(B121) -> 10-2025 | D121: =E120 | F121: =E121-D121 -> 0 | G121: =F121-10 -> -10
C122: =MONTH(B122)& "-" &YEAR(B122) -> 12-1899 | D122: =E121 | F122: =E122-D122 -> 0 | G122: =F122-10 -> -10
C123: =MONTH(B123)& "-" &YEAR(B123) -> 12-1899 | D123: =E122 | F123: =E123-D123 -> 0 | G123: =F123-10 -> -10
C124: =MONTH(B124)& "-" &YEAR(B124) -> 12-1899 | D124: =E123 | F124: =E124-D124 -> 0 | G124: =F124-10 -> -10
C125: =MONTH(B125)& "-" &YEAR(B125) -> 12-1899 | D125: =E124 | F125: =E125-D125 -> 0 | G125: =F125-10 -> -10
C126: =MONTH(B126)& "-" &YEAR(B126) -> 12-1899 | D126: =E125 | F126: =E126-D126 -> 0 | G126: =F126-10 -> -10
C127: =MONTH(B127)& "-" &YEAR(B127) -> 12-1899 | D127: =E126 | F127: =E127-D127 -> 0 | G127: =F127-10 -> -10
C128: =MONTH(B128)& "-" &YEAR(B128) -> 12-1899 | D128: =E127 | F128: =E128-D128 -> 0 | G128: =F128-10 -> -10
C129: =MONTH(B129)& "-" &YEAR(B129) -> 12-1899 | D129: =E128 | F129: =E129-D129 -> 0 | G129: =F129-10 -> -10
C130: =MONTH(B130)& "-" &YEAR(B130) -> 12-1899 | D130: =E129 | F130: =E130-D130 -> 0 | G130: =F130-10 -> -10
C131: =MONTH(B131)& "-" &YEAR(B131) -> 12-1899 | D131: =E130 | F131: =E131-D131 -> 0 | G131: =F131-10 -> -10
C132: =MONTH(B132)& "-" &YEAR(B132) -> 12-1899 | D132: =E131 | F132: =E132-D132 -> 0 | G132: =F132-10 -> -10
C133: =MONTH(B133)& "-" &YEAR(B133) -> 12-1899 | D133: =E132 | F133: =E133-D133 -> 0 | G133: =F133-10 -> -10
... C145: =MONTH(B145)& "-" &YEAR(B145) -> 12-1899 | D145: =E144 | F145: =E145-D145 -> 0 | G145: =F145-10 -> -10

Sheet Caminhão 1513
B2: 45717 | C2: =MONTH(B2)& "-" &YEAR(B2) -> 3-2025 | D2: 0 | F2: =E2-D2 -> 0 | G2: =F2-10 -> -10
B3: 45718 | C3: =MONTH(B3)& "-" &YEAR(B3) -> 3-2025 | D3: =E2 | F3: =E3-D3 -> 0 | G3: =F3-10 -> -10
B4: 45748 | C4: =MONTH(B4)& "-" &YEAR(B4) -> 4-2025 | D4: =E3 | F4: =E4-D4 -> 0 | G4: =F4-10 -> -10
B5: 45749 | C5: =MONTH(B5)& "-" &YEAR(B5) -> 4-2025 | D5: =E4 | F5: =E5-D5 -> 0 | G5: =F5-10 -> -10
B6: 45750 | C6: =MONTH(B6)& "-" &YEAR(B6) -> 4-2025 | D6: =E5 | F6: =E6-D6 -> 0 | G6: =F6-10 -> -10
B7: 45751 | C7: =MONTH(B7)& "-" &YEAR(B7) -> 4-2025 | D7: =E6 | F7: =E7-D7 -> 0 | G7: =F7-10 -> -10
B8: 45752 | C8: =MONTH(B8)& "-" &YEAR(B8) -> 4-2025 | D8: 0.44444444 | E8: 0.75 | F8: =SUM(D8+E8) -> 1.1944444 | G8: =F8-10 -> -8.8055556
B9: 45753 | C9: =MONTH(B9)& "-" &YEAR(B9) -> 4-2025 | D9: 0.29166667 | E9: 0.75 | F9: =SUM(D9+E9) -> 1.0416667 | G9: =F9-10 -> -8.9583333
B10: 45754 | C10: =MONTH(B10)& "-" &YEAR(B10) -> 4-2025 | D10: 0.29166667 | E10: 0.5 | F10: =sum(E10+D10) -> 0.79166667 | G10: =F10-10 -> -9.2083333
B11: 45755 | C11: =MONTH(B11)& "-" &YEAR(B11) -> 4-2025 | D11: 0.29166667 | E11: 0.5 | F11: =sum(E11+D11) -> 0.79166667 | G11: =F11-10 -> -9.2083333
B12: 45756 | C12: =MONTH(B12)& "-" &YEAR(B12) -> 4-2025 | F12: =sum(E12+D12) -> 0 | G12: =F12-10 -> -10
B13: 45757 | C13: =MONTH(B13)& "-" &YEAR(B13) -> 4-2025 | D13: 0.58333333 | E13: 0.73333333 | F13: =sum(E13+D13) -> 1.3166667 | G13: =F13-10 -> -8.6833333
B14: 45758 | C14: =MONTH(B14)& "-" &YEAR(B14) -> 4-2025 | F14: =sum(E14+D14) -> 0 | G14: =F14-10 -> -10
B15: 45759 | C15: =MONTH(B15)& "-" &YEAR(B15) -> 4-2025 | D15: 0.29166667 | E15: 0.75 | F15: =sum(E15+D15) -> 1.0416667 | G15: =F15-10 -> -8.9583333
B16: 45760 | C16: =MONTH(B16)& "-" &YEAR(B16) -> 4-2025 | D16: 0.29166667 | E16: 0.75 | F16: =sum(E16+D16) -> 1.0416667 | G16: =F16-10 -> -8.9583333
B17: 45761 | C17: =MONTH(B17)& "-" &YEAR(B17) -> 4-2025 | D17: 0.29166667 | E17: 0.75 | F17: =sum(E17+D17) -> 1.0416667 | G17: =F17-10 -> -8.9583333
B18: 45762 | C18: =MONTH(B18)& "-" &YEAR(B18) -> 4-2025 | F18: =sum(E18+D18) -> 0 | G18: =F18-10 -> -10
B19: 45763 | C19: =MONTH(B19)& "-" &YEAR(B19) -> 4-2025 | D19: =E18 | F19: =sum(E19+D19) -> 0 | G19: =F19-10 -> -10
B20: 45764 | C20: =MONTH(B20)& "-" &YEAR(B20) -> 4-2025 | D20: =E19 | F20: =sum(E20+D20) -> 0 | G20: =F20-10 -> -10
B21: 45765 | C21: =MONTH(B21)& "-" &YEAR(B21) -> 4-2025 | D21: 0.29166667 | E21: 0.70833333 | F21: =sum(E21+D21) -> 1 | G21: =F21-10 -> -9
B22: 45766 | C22: =MONTH(B22)& "-" &YEAR(B22) -> 4-2025 | D22: 0.375 | E22: 0.72916667 | F22: =sum(E22+D22) -> 1.1041667 | G22: =F22-10 -> -8.8958333
B23: 45767 | C23: =MONTH(B23)& "-" &YEAR(B23) -> 4-2025 | D23: 0.29166667 | E23: 0.72916667 | F23: =sum(E23+D23) -> 1.0208333 | G23: =F23-10 -> -8.9791667
B24: 45768 | C24: =MONTH(B24)& "-" &YEAR(B24) -> 4-2025 | D24: 0.3125 | E24: 0.72916667 | F24: =sum(E24+D24) -> 1.0416667 | G24: =F24-10 -> -8.9583333
B25: 45769 | C25: =MONTH(B25)& "-" &YEAR(B25) -> 4-2025 | D25: =E24 -> 0.72916667 | F25: =sum(E25+D25) -> 0.72916667 | G25: =F25-10 -> -9.2708333
B26: 45770 | C26: =MONTH(B26)& "-" &YEAR(B26) -> 4-2025 | D26: =E25 | F26: =sum(E26+D26) -> 0 | G26: =F26-10 -> -10
B27: 45771 | C27: =MONTH(B27)& "-" &YEAR(B27) -> 4-2025 | D27: =E26 | F27: =sum(E27+D27) -> 0 | G27: =F27-10 -> -10
B28: 45772 | C28: =MONTH(B28)& "-" &YEAR(B28) -> 4-2025 | D28: =E27 | F28: =sum(E28+D28) -> 0 | G28: =F28-10 -> -10
B29: 45773 | C29: =MONTH(B29)& "-" &YEAR(B29) -> 4-2025 | D29: =E28 | F29: =sum(E29+D29) -> 0 | G29: =F29-10 -> -10
B30: 45774 | C30: =MONTH(B30)& "-" &YEAR(B30) -> 4-2025 | D30: =E29 | F30: =sum(E30+D30) -> 0 | G30: =F30-10 -> -10
B31: 45775 | C31: =MONTH(B31)& "-" &YEAR(B31) -> 4-2025 | D31: =E30 | F31: =sum(E31+D31) -> 0 | G31: =F31-10 -> -10
B32: 45776 | C32: =MONTH(B32)& "-" &YEAR(B32) -> 4-2025 | D32: 0.29166667 | E32: 0.72916667 | F32: =sum(E32+D32) -> 1.0208333 | G32: =F32-10 -> -8.9791667
B33: 45777 | C33: =MONTH(B33)& "-" &YEAR(B33) -> 4-2025 | F33: =sum(E33+D33) -> 0 | G33: =F33-10 -> -10
B34: 45778 | C34: =MONTH(B34)& "-" &YEAR(B34) -> 5-2025 | D34: =E33 | F34: =sum(E34+D34) -> 0 | G34: =F34-10 -> -10
B35: 45779 | C35: =MONTH(B35)& "-" &YEAR(B35) -> 5-2025 | D35: =E34 | F35: =sum(E35+D35) -> 0 | G35: =F35-10 -> -10
B36: 45780 | C36: =MONTH(B36)& "-" &YEAR(B36) -> 5-2025 | D36: =E35 | F36: =sum(E36+D36) -> 0 | G36: =F36-10 -> -10
D37: =E36 | F37: =sum(E37+D37) -> 0
D38: =E37 | F38: =sum(E38+D38) -> 0
D39: =E38 | F39: =sum(E39+D39) -> 0
D40: =E39 | F40: =sum(E40+D40) -> 0
D41: =E40 | F41: =sum(E41+D41) -> 0
D42: =E41 | F42: =sum(E42+D42) -> 0
D43: =E42 | F43: =sum(E43+D43) -> 0
D44: =E43 | F44: =sum(E44+D44) -> 0
D45: =E44 | F45: =sum(E45+D45) -> 0
D46: =E45 | F46: =sum(E46+D46) -> 0
D47: =E46 | F47: =sum(E47+D47) -> 0
F48: =sum(E48+D48) -> 0
F49: =sum(E49+D49) -> 0
F50: =sum(E50+D50) -> 0
F51: =sum(E51+D51) -> 0
F52: =sum(E52+D52) -> 0
F53: =sum(E53+D53) -> 0
F54: =sum(E54+D54) -> 0
F55: =sum(E55+D55) -> 0
F56: =sum(E56+D56) -> 0
F57: =sum(E57+D57) -> 0
F58: =sum(E58+D58) -> 0
F59: =sum(E59+D59) -> 0
... F65: =sum(E65+D65) -> 0

Sheet 7D1
B3: Dia | C3: Chave | D3: H inicial | E3: H final | F3: Hora/ Dia | G3: Extra | H3: Colaborador | I3: Diesel
B4: 45231 | C4: =MONTH(B4)& "-" &YEAR(B4) -> 11-2023 | D4: 7306.9 | E4: 7314.3 | F4: ='7D1'!$E4-'7D1'!$D4 -> 7.4 | G4: ='7D1'!$F4-10 -> -2.6 | H4: Guri
B5: 45231 | C5: =MONTH(B5)& "-" &YEAR(B5) -> 11-2023 | D5: =E4 -> 7314.3 | E5: 7315.5 | F5: ='7D1'!$E5-'7D1'!$D5 -> 1.2 | G5: ='7D1'!$F5-10 -> -8.8 | H5: Guri | I5: 180
B6: 45232 | C6: =MONTH(B6)& "-" &YEAR(B6) -> 11-2023 | D6: =E5 -> 7315.5 | E6: 7323.7 | F6: ='7D1'!$E6-'7D1'!$D6 -> 8.2 | G6: ='7D1'!$F6-10 -> -1.8 | H6: Guri
B7: 45233 | C7: =MONTH(B7)& "-" &YEAR(B7) -> 11-2023 | D7: 7323.7 | E7: 7333.2 | F7: ='7D1'!$E7-'7D1'!$D7 -> 9.5 | G7: ='7D1'!$F7-10 -> -0.5 | H7: Guri | I7: 100
B8: 45234 | C8: =MONTH(B8)& "-" &YEAR(B8) -> 11-2023 | D8: 7333.2 | E8: 7334 | F8: ='7D1'!$E8-'7D1'!$D8 -> 0.8 | G8: ='7D1'!$F8-10 -> -9.2 | H8: Guri
B9: 45235 | C9: =MONTH(B9)& "-" &YEAR(B9) -> 11-2023 | F9: ='7D1'!$E9-'7D1'!$D9 -> 0 | G9: ='7D1'!$F9-10 -> -10
B10: 45236 | C10: =MONTH(B10)& "-" &YEAR(B10) -> 11-2023 | D10: 7334 | E10: 7347.3 | F10: ='7D1'!$E10-'7D1'!$D10 -> 13.3 | G10: ='7D1'!$F10-10 -> 3.3 | H10: Guri | I10: 200
B11: 45237 | C11: =MONTH(B11)& "-" &YEAR(B11) -> 11-2023 | D11: =E10 -> 7347.3 | E11: 7353.5 | F11: ='7D1'!$E11-'7D1'!$D11 -> 6.2 | G11: ='7D1'!$F11-10 -> -3.8 | H11: Guri
B12: 45238 | C12: =MONTH(B12)& "-" &YEAR(B12) -> 11-2023 | D12: =E11 -> 7353.5 | E12: 7363.5 | F12: ='7D1'!$E12-'7D1'!$D12 -> 10 | G12: ='7D1'!$F12-10 -> 0 | H12: Wender
B13: 45239 | C13: =MONTH(B13)& "-" &YEAR(B13) -> 11-2023 | D13: =E12 -> 7363.5 | E13: 7373.5 | F13: ='7D1'!$E13-'7D1'!$D13 -> 10 | G13: ='7D1'!$F13-10 -> 0 | H13: Wender
B14: 45240 | C14: =MONTH(B14)& "-" &YEAR(B14) -> 11-2023 | D14: =E13 -> 7373.5 | E14: 7381.5 | F14: ='7D1'!$E14-'7D1'!$D14 -> 8 | G14: ='7D1'!$F14-10 -> -2 | H14: Wender | I14: 67
B15: 45241 | C15: =MONTH(B15)& "-" &YEAR(B15) -> 11-2023 | D15: 7381.5 | E15: 7385 | F15: ='7D1'!$E15-'7D1'!$D15 -> 3.5 | G15: ='7D1'!$F15-10 -> -6.5
B16: 45242 | C16: =MONTH(B16)& "-" &YEAR(B16) -> 11-2023 | F16: ='7D1'!$E16-'7D1'!$D16 -> 0 | G16: ='7D1'!$F16-10 -> -10
B17: 45243 | C17: =MONTH(B17)& "-" &YEAR(B17) -> 11-2023 | D17: =E16 | F17: ='7D1'!$E17-'7D1'!$D17 -> 0 | G17: ='7D1'!$F17-10 -> -10
B18: 45244 | C18: =MONTH(B18)& "-" &YEAR(B18) -> 11-2023 | D18: 7385.9 | E18: 7392.4 | F18: ='7D1'!$E18-'7D1'!$D18 -> 6.5 | G18: ='7D1'!$F18-10 -> -3.5 | H18: Wender
B19: 45245 | C19: =MONTH(B19)& "-" &YEAR(B19) -> 11-2023 | D19: =E18 -> 7392.4 | E19: 7402.4 | F19: ='7D1'!$E19-'7D1'!$D19 -> 10 | G19: ='7D1'!$F19-10 -> 0 | H19: Wender | I19: 220
B20: 45246 | C20: =MONTH(B20)& "-" &YEAR(B20) -> 11-2023 | D20: =E19 -> 7402.4 | E20: 7411.4 | F20: ='7D1'!$E20-'7D1'!$D20 -> 9 | G20: ='7D1'!$F20-10 -> -1 | H20: Wender
B21: 45247 | C21: =MONTH(B21)& "-" &YEAR(B21) -> 11-2023 | D21: =E20 -> 7411.4 | E21: 7421.6 | F21: ='7D1'!$E21-'7D1'!$D21 -> 10.2 | G21: ='7D1'!$F21-10 -> 0.2 | H21: Wender
B22: 45248 | C22: =MONTH(B22)& "-" &YEAR(B22) -> 11-2023 | D22: =E21 -> 7421.6 | E22: 7431.3 | F22: ='7D1'!$E22-'7D1'!$D22 -> 9.7 | G22: ='7D1'!$F22-10 -> -0.3 | H22: Wender | I22: 220
B23: 45249 | C23: =MONTH(B23)& "-" &YEAR(B23) -> 11-2023 | F23: ='7D1'!$E23-'7D1'!$D23 -> 0 | G23: ='7D1'!$F23-10 -> -10
B24: 45250 | C24: =MONTH(B24)& "-" &YEAR(B24) -> 11-2023 | D24: =E23 | F24: ='7D1'!$E24-'7D1'!$D24 -> 0 | G24: ='7D1'!$F24-10 -> -10
B25: 45251 | C25: =MONTH(B25)& "-" &YEAR(B25) -> 11-2023 | D25: 7431.3 | E25: 7433.3 | F25: ='7D1'!$E25-'7D1'!$D25 -> 2 | G25: ='7D1'!$F25-10 -> -8 | H25: Wender
B26: 45252 | C26: =MONTH(B26)& "-" &YEAR(B26) -> 11-2023 | F26: ='7D1'!$E26-'7D1'!$D26 -> 0 | G26: ='7D1'!$F26-10 -> -10
B27: 45253 | C27: =MONTH(B27)& "-" &YEAR(B27) -> 11-2023 | D27: =E26 | F27: ='7D1'!$E27-'7D1'!$D27 -> 0 | G27: ='7D1'!$F27-10 -> -10
B28: 45254 | C28: =MONTH(B28)& "-" &YEAR(B28) -> 11-2023 | D28: 7433.3 | E28: 7439.4 | F28: ='7D1'!$E28-'7D1'!$D28 -> 6.1 | G28: ='7D1'!$F28-10 -> -3.9 | H28: Wender
B29: 45255 | C29: =MONTH(B29)& "-" &YEAR(B29) -> 11-2023 | F29: ='7D1'!$E29-'7D1'!$D29 -> 0 | G29: ='7D1'!$F29-10 -> -10
B30: 45256 | C30: =MONTH(B30)& "-" &YEAR(B30) -> 11-2023 | D30: =E29 | F30: ='7D1'!$E30-'7D1'!$D30 -> 0 | G30: ='7D1'!$F30-10 -> -10
B31: 45257 | C31: =MONTH(B31)& "-" &YEAR(B31) -> 11-2023 | D31: 7439.4 | E31: 7449.4 | F31: ='7D1'!$E31-'7D1'!$D31 -> 10 | G31: ='7D1'!$F31-10 -> 0 | H31: Wender | I31: 215
B32: 45258 | C32: =MONTH(B32)& "-" &YEAR(B32) -> 11-2023 | D32: =E31 -> 7449.4 | E32: 7452.4 | F32: ='7D1'!$E32-'7D1'!$D32 -> 3 | G32: ='7D1'!$F32-10 -> -7 | H32: Wender
B33: 45259 | C33: =MONTH(B33)& "-" &YEAR(B33) -> 11-2023 | D33: 2207.2 | E33: 2216.6 | F33: ='7D1'!$E33-'7D1'!$D33 -> 9.4 | G33: ='7D1'!$F33-10 -> -0.6 | H33: Wender
B34: 45260 | C34: =MONTH(B34)& "-" &YEAR(B34) -> 11-2023 | D34: =E33 -> 2216.6 | E34: 2226.3 | F34: ='7D1'!$E34-'7D1'!$D34 -> 9.7 | G34: ='7D1'!$F34-10 -> -0.3 | H34: Wender
B35: 45261 | C35: =MONTH(B35)& "-" &YEAR(B35) -> 12-2023 | D35: 7452.4 | E35: 7463.4 | F35: ='7D1'!$E35-'7D1'!$D35 -> 11 | G35: ='7D1'!$F35-10 -> 1 | H35: Wender
B36: 45262 | C36: =MONTH(B36)& "-" &YEAR(B36) -> 12-2023 | D36: =E35 -> 7463.4 | E36: 7473.4 | F36: ='7D1'!$E36-'7D1'!$D36 -> 10 | G36: ='7D1'!$F36-10 -> 0 | H36: Wender | I36: 120
B37: 45263 | C37: =MONTH(B37)& "-" &YEAR(B37) -> 12-2023 | F37: ='7D1'!$E37-'7D1'!$D37 -> 0 | G37: ='7D1'!$F37-10 -> -10
B38: 45264 | C38: =MONTH(B38)& "-" &YEAR(B38) -> 12-2023 | D38: 2226.3 | E38: 2235 | F38: ='7D1'!$E38-'7D1'!$D38 -> 8.7 | G38: ='7D1'!$F38-10 -> -1.3 | H38: Wender | I38: 150
B39: 45265 | C39: =MONTH(B39)& "-" &YEAR(B39) -> 12-2023 | D39: =E38 -> 2235 | E39: 2245.2 | F39: ='7D1'!$E39-'7D1'!$D39 -> 10.2 | G39: ='7D1'!$F39-10 -> 0.2 | H39: Wender
B40: 45266 | C40: =MONTH(B40)& "-" &YEAR(B40) -> 12-2023 | F40: ='7D1'!$E40-'7D1'!$D40 -> 0 | G40: ='7D1'!$F40-10 -> -10
B41: 45267 | C41: =MONTH(B41)& "-" &YEAR(B41) -> 12-2023 | D41: =E40 | F41: ='7D1'!$E41-'7D1'!$D41 -> 0 | G41: ='7D1'!$F41-10 -> -10
B42: 45268 | C42: =MONTH(B42)& "-" &YEAR(B42) -> 12-2023 | D42: =E41 | F42: ='7D1'!$E42-'7D1'!$D42 -> 0 | G42: ='7D1'!$F42-10 -> -10
B43: 45269 | C43: =MONTH(B43)& "-" &YEAR(B43) -> 12-2023 | D43: =E42 | F43: ='7D1'!$E43-'7D1'!$D43 -> 0 | G43: ='7D1'!$F43-10 -> -10
B44: 45270 | C44: =MONTH(B44)& "-" &YEAR(B44) -> 12-2023 | D44: =E43 | F44: ='7D1'!$E44-'7D1'!$D44 -> 0 | G44: ='7D1'!$F44-10 -> -10
B45: 45271 | C45: =MONTH(B45)& "-" &YEAR(B45) -> 12-2023 | D45: 2245.2 | E45: 2251.1 | F45: ='7D1'!$E45-'7D1'!$D45 -> 5.9 | G45: ='7D1'!$F45-10 -> -4.1 | H45: Wendel
B46: 45272 | C46: =MONTH(B46)& "-" &YEAR(B46) -> 12-2023 | D46: 2251.1 | E46: 2260.5 | F46: ='7D1'!$E46-'7D1'!$D46 -> 9.4 | G46: ='7D1'!$F46-10 -> -0.6 | H46: Wendel | I46: 215
B47: 45273 | C47: =MONTH(B47)& "-" &YEAR(B47) -> 12-2023 | D47: =E46 -> 2260.5 | E47: 2263.8 | F47: ='7D1'!$E47-'7D1'!$D47 -> 3.3 | G47: ='7D1'!$F47-10 -> -6.7 | H47: Wendel
B48: 45274 | C48: =MONTH(B48)& "-" &YEAR(B48) -> 12-2023 | F48: ='7D1'!$E48-'7D1'!$D48 -> 0 | G48: ='7D1'!$F48-10 -> -10
B49: 45275 | C49: =MONTH(B49)& "-" &YEAR(B49) -> 12-2023 | D49: 2263.8 | E49: 2273.8 | F49: ='7D1'!$E49-'7D1'!$D49 -> 10 | G49: ='7D1'!$F49-10 -> 0 | H49: Wendel
B50: 45276 | C50: =MONTH(B50)& "-" &YEAR(B50) -> 12-2023 | D50: =E49 -> 2273.8 | E50: 2277.6 | F50: ='7D1'!$E50-'7D1'!$D50 -> 3.8 | G50: ='7D1'!$F50-10 -> -6.2 | H50: Wender
B51: 45277 | C51: =MONTH(B51)& "-" &YEAR(B51) -> 12-2023 | F51: ='7D1'!$E51-'7D1'!$D51 -> 0 | G51: ='7D1'!$F51-10 -> -10
B52: 45278 | C52: =MONTH(B52)& "-" &YEAR(B52) -> 12-2023 | D52: 2277.6 | E52: 2287 | F52: ='7D1'!$E52-'7D1'!$D52 -> 9.4 | G52: ='7D1'!$F52-10 -> -0.6 | H52: Wendel | I52: 150
B53: 45279 | C53: =MONTH(B53)& "-" &YEAR(B53) -> 12-2023 | D53: =E52 -> 2287 | E53: 2296.6 | F53: ='7D1'!$E53-'7D1'!$D53 -> 9.6 | G53: ='7D1'!$F53-10 -> -0.4 | H53: Wendel
B54: 45280 | C54: =MONTH(B54)& "-" &YEAR(B54) -> 12-2023 | D54: =E53 -> 2296.6 | E54: 2306.6 | F54: ='7D1'!$E54-'7D1'!$D54 -> 10 | G54: ='7D1'!$F54-10 -> 0 | H54: Wendel | I54: 220
B55: 45281 | C55: =MONTH(B55)& "-" &YEAR(B55) -> 12-2023 | D55: =E54 -> 2306.6 | E55: 2316.6 | F55: ='7D1'!$E55-'7D1'!$D55 -> 10 | G55: ='7D1'!$F55-10 -> 0 | H55: Wendel
B56: 45282 | C56: =MONTH(B56)& "-" &YEAR(B56) -> 12-2023 | D56: =E55 -> 2316.6 | E56: 2327.6 | F56: ='7D1'!$E56-'7D1'!$D56 -> 11 | G56: ='7D1'!$F56-10 -> 1 | H56: Wendel
B57: 45283 | C57: =MONTH(B57)& "-" &YEAR(B57) -> 12-2023 | F57: ='7D1'!$E57-'7D1'!$D57 -> 0 | G57: ='7D1'!$F57-10 -> -10
B58: 45284 | C58: =MONTH(B58)& "-" &YEAR(B58) -> 12-2023 | D58: =E57 | F58: ='7D1'!$E58-'7D1'!$D58 -> 0 | G58: ='7D1'!$F58-10 -> -10
B59: 45285 | C59: =MONTH(B59)& "-" &YEAR(B59) -> 12-2023 | D59: =E58 | F59: ='7D1'!$E59-'7D1'!$D59 -> 0 | G59: ='7D1'!$F59-10 -> -10
B60: 45286 | C60: =MONTH(B60)& "-" &YEAR(B60) -> 12-2023 | D60: 2327.6 | E60: 2334.8 | F60: ='7D1'!$E60-'7D1'!$D60 -> 7.2 | G60: ='7D1'!$F60-10 -> -2.8 | H60: Wendel
B61: 45287 | C61: =MONTH(B61)& "-" &YEAR(B61) -> 12-2023 | D61: =E60 -> 2334.8 | E61: 2343.4 | F61: ='7D1'!$E61-'7D1'!$D61 -> 8.6 | G61: ='7D1'!$F61-10 -> -1.4 | H61: Wendel | I61: 150
B62: 45288 | C62: =MONTH(B62)& "-" &YEAR(B62) -> 12-2023 | D62: =E61 -> 2343.4 | E62: 2353.4 | F62: ='7D1'!$E62-'7D1'!$D62 -> 10 | G62: ='7D1'!$F62-10 -> 0 | H62: Wendel
B63: 45289 | C63: =MONTH(B63)& "-" &YEAR(B63) -> 12-2023 | F63: ='7D1'!$E63-'7D1'!$D63 -> 0 | G63: ='7D1'!$F63-10 -> -10
B64: 45290 | C64: =MONTH(B64)& "-" &YEAR(B64) -> 12-2023 | D64: =E63 | F64: ='7D1'!$E64-'7D1'!$D64 -> 0 | G64: ='7D1'!$F64-10 -> -10
B65: 45291 | C65: =MONTH(B65)& "-" &YEAR(B65) -> 12-2023 | D65: =E64 | F65: ='7D1'!$E65-'7D1'!$D65 -> 0 | G65: ='7D1'!$F65-10 -> -10
B66: 45292 | C66: =MONTH(B66)& "-" &YEAR(B66) -> 1-2024 | D66: 7547.3 | E66: 7557.6 | F66: =E66-D66 -> 10.3 | G66: =F66-10 -> 0.3
B67: 45293 | C67: =MONTH(B67)& "-" &YEAR(B67) -> 1-2024 | D67: =E66 -> 7557.6 | E67: 7567 | F67: =E67-D67 -> 9.4 | G67: =F67-10 -> -0.6
B68: 45294 | C68: =MONTH(B68)& "-" &YEAR(B68) -> 1-2024 | D68: =E67 -> 7567 | E68: 7577.4 | F68: =E68-D68 -> 10.4 | G68: =F68-10 -> 0.4 | I68: 90
B69: 45295 | C69: =MONTH(B69)& "-" &YEAR(B69) -> 1-2024 | D69: =E68 -> 7577.4 | E69: 7587 | F69: =E69-D69 -> 9.6 | G69: =F69-10 -> -0.4
B70: 45296 | C70: =MONTH(B70)& "-" &YEAR(B70) -> 1-2024 | D70: =E69 -> 7587 | E70: 7601.2 | F70: =E70-D70 -> 14.2 | G70: =F70-10 -> 4.2
B71: 45297 | C71: =MONTH(B71)& "-" &YEAR(B71) -> 1-2024 | D71: =E70 -> 7601.2 | E71: 7609.9 | F71: =E71-D71 -> 8.7 | G71: =F71-10 -> -1.3 | I71: 200
B72: 45298 | C72: =MONTH(B72)& "-" &YEAR(B72) -> 1-2024 | F72: =E72-D72 -> 0 | G72: =F72-10 -> -10
B73: 45299 | C73: =MONTH(B73)& "-" &YEAR(B73) -> 1-2024 | D73: 7609.9 | E73: 7617.1 | F73: =E73-D73 -> 7.2 | G73: =F73-10 -> -2.8 | H73: Caio
B74: 45300 | C74: =MONTH(B74)& "-" &YEAR(B74) -> 1-2024 | D74: =E73 -> 7617.1 | E74: 7626.7 | F74: =E74-D74 -> 9.6 | G74: =F74-10 -> -0.4 | H74: Caio
B75: 45301 | C75: =MONTH(B75)& "-" &YEAR(B75) -> 1-2024 | D75: =E74 -> 7626.7 | E75: 7632.1 | F75: =E75-D75 -> 5.4 | G75: =F75-10 -> -4.6 | H75: Caio | I75: 200
B76: 45302 | C76: =MONTH(B76)& "-" &YEAR(B76) -> 1-2024 | D76: =E75 -> 7632.1 | E76: 7641.1 | F76: =E76-D76 -> 9 | G76: =F76-10 -> -1 | H76: Caio
B77: 45303 | C77: =MONTH(B77)& "-" &YEAR(B77) -> 1-2024 | D77: =E76 -> 7641.1 | E77: 7647 | F77: =E77-D77 -> 5.9 | G77: =F77-10 -> -4.1 | H77: Caio
B78: 45304 | C78: =MONTH(B78)& "-" &YEAR(B78) -> 1-2024 | D78: =E77 -> 7647 | E78: 7650.3 | F78: =E78-D78 -> 3.3 | G78: =F78-10 -> -6.7 | H78: Guri | I78: 180
B79: 45305 | C79: =MONTH(B79)& "-" &YEAR(B79) -> 1-2024 | F79: =E79-D79 -> 0 | G79: =F79-10 -> -10
B80: 45306 | C80: =MONTH(B80)& "-" &YEAR(B80) -> 1-2024 | D80: 7650.3 | E80: 7659.1 | F80: =E80-D80 -> 8.8 | G80: =F80-10 -> -1.2 | H80: Guri
B81: 45307 | C81: =MONTH(B81)& "-" &YEAR(B81) -> 1-2024 | D81: =E80 -> 7659.1 | E81: 7667.8 | F81: =E81-D81 -> 8.7 | G81: =F81-10 -> -1.3 | H81: Guri
B82: 45308 | C82: =MONTH(B82)& "-" &YEAR(B82) -> 1-2024 | D82: =E81 -> 7667.8 | E82: 7675.4 | F82: =E82-D82 -> 7.6 | G82: =F82-10 -> -2.4 | H82: Guri | I82: 220
B83: 45309 | C83: =MONTH(B83)& "-" &YEAR(B83) -> 1-2024 | D83: =E82 -> 7675.4 | E83: 7683.3 | F83: =E83-D83 -> 7.9 | G83: =F83-10 -> -2.1 | H83: Guri
B84: 45310 | C84: =MONTH(B84)& "-" &YEAR(B84) -> 1-2024 | D84: =E83 -> 7683.3 | E84: 7696 | F84: =E84-D84 -> 12.7 | G84: =F84-10 -> 2.7 | H84: Guri
B85: 45311 | C85: =MONTH(B85)& "-" &YEAR(B85) -> 1-2024 | D85: =E84 -> 7696 | E85: 7697.2 | F85: =E85-D85 -> 1.2 | G85: =F85-10 -> -8.8 | H85: Guri
B86: 45312 | C86: =MONTH(B86)& "-" &YEAR(B86) -> 1-2024 | F86: =E86-D86 -> 0 | G86: =F86-10 -> -10
B87: 45313 | C87: =MONTH(B87)& "-" &YEAR(B87) -> 1-2024 | D87: 7697.2 | E87: 7404.3 | F87: =E87-D87 -> -292.9 | G87: =F87-10 -> -302.9 | H87: Guri
B88: 45314 | C88: =MONTH(B88)& "-" &YEAR(B88) -> 1-2024 | D88: =E87 -> 7404.3 | E88: 7714.6 | F88: =E88-D88 -> 310.3 | G88: =F88-10 -> 300.3 | H88: Guri | I88: 220
B89: 45315 | C89: =MONTH(B89)& "-" &YEAR(B89) -> 1-2024 | D89: =E88 -> 7714.6 | E89: 7721.3 | F89: =E89-D89 -> 6.7 | G89: =F89-10 -> -3.3 | H89: Guri
B90: 45316 | C90: =MONTH(B90)& "-" &YEAR(B90) -> 1-2024 | D90: =E89 -> 7721.3 | E90: 7730.5 | F90: =E90-D90 -> 9.2 | G90: =F90-10 -> -0.8 | H90: Guri
B91: 45317 | C91: =MONTH(B91)& "-" &YEAR(B91) -> 1-2024 | D91: =E90 -> 7730.5 | E91: 7737.5 | F91: =E91-D91 -> 7 | G91: =F91-10 -> -3 | H91: Guri
B92: 45318 | C92: =MONTH(B92)& "-" &YEAR(B92) -> 1-2024 | F92: =E92-D92 -> 0 | G92: =F92-10 -> -10
B93: 45319 | C93: =MONTH(B93)& "-" &YEAR(B93) -> 1-2024 | D93: =E92 | F93: =E93-D93 -> 0 | G93: =F93-10 -> -10
B94: 45320 | C94: =MONTH(B94)& "-" &YEAR(B94) -> 1-2024 | D94: 7737.5 | E94: 7738.8 | F94: =E94-D94 -> 1.3 | G94: =F94-10 -> -8.7 | H94: Guri | I94: 150
B95: 45321 | C95: =MONTH(B95)& "-" &YEAR(B95) -> 1-2024 | D95: =E94 -> 7738.8 | E95: 7745.4 | F95: =E95-D95 -> 6.6 | G95: =F95-10 -> -3.4 | H95: Guri
B96: 45322 | C96: =MONTH(B96)& "-" &YEAR(B96) -> 1-2024 | D96: =E95 -> 7745.4 | E96: 7750.7 | F96: =E96-D96 -> 5.3 | G96: =F96-10 -> -4.7 | H96: Guri | I96: 220
B97: 45323 | C97: =MONTH(B97)& "-" &YEAR(B97) -> 2-2024 | D97: 7750.7 | E97: 7756.5 | F97: =E97-D97 -> 5.8 | G97: =F97-10 -> -4.2 | H97: Guri
B98: 45324 | C98: =MONTH(B98)& "-" &YEAR(B98) -> 2-2024 | D98: =E97 -> 7756.5 | E98: 7763.5 | F98: =E98-D98 -> 7 | G98: =F98-10 -> -3 | H98: Guri
B99: 45325 | C99: =MONTH(B99)& "-" &YEAR(B99) -> 2-2024 | D99: =E98 -> 7763.5 | E99: 7767.7 | F99: =E99-D99 -> 4.2 | G99: =F99-10 -> -5.8
B100: 45326 | C100: =MONTH(B100)& "-" &YEAR(B100) -> 2-2024 | F100: =E100-D100 -> 0 | G100: =F100-10 -> -10
B101: 45327 | C101: =MONTH(B101)& "-" &YEAR(B101) -> 2-2024 | D101: 7767.7 | E101: 7772.9 | F101: =E101-D101 -> 5.2 | G101: =F101-10 -> -4.8
B102: 45328 | C102: =MONTH(B102)& "-" &YEAR(B102) -> 2-2024 | D102: =E101 -> 7772.9 | E102: 7781 | F102: =E102-D102 -> 8.1 | G102: =F102-10 -> -1.9
...

Sheet  Carregadeira 12B 
B3: Dia | C3: Chave | D3: H inicial | E3: H final | F3: Hora/ Dia | G3: Extra | H3: Coluna12 | I3: máquina
B4: 45231 | C4: =MONTH(B4)& "-" &YEAR(B4) -> 11-2023 | D4: 1516 | E4: 1517.1 | F4: =' Carregadeira 12B '!$E4-' Carregadeira 12B '!$D4 -> 1.1 | G4: =' Carregadeira 12B '!$F4-10 -> -8.9
B5: 45232 | C5: =MONTH(B5)& "-" &YEAR(B5) -> 11-2023 | D5: =E4 -> 1517.1 | E5: 1526.2 | F5: =' Carregadeira 12B '!$E5-' Carregadeira 12B '!$D5 -> 9.1 | G5: =' Carregadeira 12B '!$F5-10 -> -0.9
B6: 45233 | C6: =MONTH(B6)& "-" &YEAR(B6) -> 11-2023 | D6: =E5 -> 1526.2 | E6: 1534.8 | F6: =' Carregadeira 12B '!$E6-' Carregadeira 12B '!$D6 -> 8.6 | G6: =' Carregadeira 12B '!$F6-10 -> -1.4
B7: 45234 | C7: =MONTH(B7)& "-" &YEAR(B7) -> 11-2023 | D7: =E6 -> 1534.8 | E7: 1540 | F7: =' Carregadeira 12B '!$E7-' Carregadeira 12B '!$D7 -> 5.2 | G7: =' Carregadeira 12B '!$F7-10 -> -4.8
B8: 45235 | C8: =MONTH(B8)& "-" &YEAR(B8) -> 11-2023 | F8: =' Carregadeira 12B '!$E8-' Carregadeira 12B '!$D8 -> 0 | G8: =' Carregadeira 12B '!$F8-10 -> -10
B9: 45236 | C9: =MONTH(B9)& "-" &YEAR(B9) -> 11-2023 | D9: 1540 | E9: 1547.6 | F9: =' Carregadeira 12B '!$E9-' Carregadeira 12B '!$D9 -> 7.6 | G9: =' Carregadeira 12B '!$F9-10 -> -2.4 | H9: 200
B10: 45237 | C10: =MONTH(B10)& "-" &YEAR(B10) -> 11-2023 | D10: =E9 -> 1547.6 | E10: 1555.3 | F10: =' Carregadeira 12B '!$E10-' Carregadeira 12B '!$D10 -> 7.7 | G10: =' Carregadeira 12B '!$F10-10 -> -2.3
B11: 45238 | C11: =MONTH(B11)& "-" &YEAR(B11) -> 11-2023 | D11: =E10 -> 1555.3 | E11: 1562.3 | F11: =' Carregadeira 12B '!$E11-' Carregadeira 12B '!$D11 -> 7 | G11: =' Carregadeira 12B '!$F11-10 -> -3
B12: 45239 | C12: =MONTH(B12)& "-" &YEAR(B12) -> 11-2023 | D12: =E11 -> 1562.3 | E12: 1570.3 | F12: =' Carregadeira 12B '!$E12-' Carregadeira 12B '!$D12 -> 8 | G12: =' Carregadeira 12B '!$F12-10 -> -2
B13: 45240 | C13: =MONTH(B13)& "-" &YEAR(B13) -> 11-2023 | D13: =E12 -> 1570.3 | E13: 1576.6 | F13: =' Carregadeira 12B '!$E13-' Carregadeira 12B '!$D13 -> 6.3 | G13: =' Carregadeira 12B '!$F13-10 -> -3.7
B14: 45241 | C14: =MONTH(B14)& "-" &YEAR(B14) -> 11-2023 | F14: =' Carregadeira 12B '!$E14-' Carregadeira 12B '!$D14 -> 0 | G14: =' Carregadeira 12B '!$F14-10 -> -10
B15: 45242 | C15: =MONTH(B15)& "-" &YEAR(B15) -> 11-2023 | D15: =E14 | F15: =' Carregadeira 12B '!$E15-' Carregadeira 12B '!$D15 -> 0 | G15: =' Carregadeira 12B '!$F15-10 -> -10
B16: 45243 | C16: =MONTH(B16)& "-" &YEAR(B16) -> 11-2023 | D16: 1576.6 | E16: 1579.3 | F16: =' Carregadeira 12B '!$E16-' Carregadeira 12B '!$D16 -> 2.7 | G16: =' Carregadeira 12B '!$F16-10 -> -7.3
B17: 45244 | C17: =MONTH(B17)& "-" &YEAR(B17) -> 11-2023 | D17: =E16 -> 1579.3 | E17: 1583.2 | F17: =' Carregadeira 12B '!$E17-' Carregadeira 12B '!$D17 -> 3.9 | G17: =' Carregadeira 12B '!$F17-10 -> -6.1
B18: 45245 | C18: =MONTH(B18)& "-" &YEAR(B18) -> 11-2023 | D18: =E17 -> 1583.2 | E18: 1587.2 | F18: =' Carregadeira 12B '!$E18-' Carregadeira 12B '!$D18 -> 4 | G18: =' Carregadeira 12B '!$F18-10 -> -6 | H18: 220
B19: 45246 | C19: =MONTH(B19)& "-" &YEAR(B19) -> 11-2023 | D19: =E18 -> 1587.2 | E19: 1596.3 | F19: =' Carregadeira 12B '!$E19-' Carregadeira 12B '!$D19 -> 9.1 | G19: =' Carregadeira 12B '!$F19-10 -> -0.9
B20: 45247 | C20: =MONTH(B20)& "-" &YEAR(B20) -> 11-2023 | D20: =E19 -> 1596.3 | E20: 1603.3 | F20: =' Carregadeira 12B '!$E20-' Carregadeira 12B '!$D20 -> 7 | G20: =' Carregadeira 12B '!$F20-10 -> -3
B21: 45248 | C21: =MONTH(B21)& "-" &YEAR(B21) -> 11-2023 | D21: =E20 -> 1603.3 | E21: 1607.6 | F21: =' Carregadeira 12B '!$E21-' Carregadeira 12B '!$D21 -> 4.3 | G21: =' Carregadeira 12B '!$F21-10 -> -5.7
B22: 45249 | C22: =MONTH(B22)& "-" &YEAR(B22) -> 11-2023 | F22: =' Carregadeira 12B '!$E22-' Carregadeira 12B '!$D22 -> 0 | G22: =' Carregadeira 12B '!$F22-10 -> -10
B23: 45250 | C23: =MONTH(B23)& "-" &YEAR(B23) -> 11-2023 | D23: 1607.6 | E23: 1615.3 | F23: =' Carregadeira 12B '!$E23-' Carregadeira 12B '!$D23 -> 7.7 | G23: =' Carregadeira 12B '!$F23-10 -> -2.3
B24: 45251 | C24: =MONTH(B24)& "-" &YEAR(B24) -> 11-2023 | D24: =E23 -> 1615.3 | E24: 1623.8 | F24: =' Carregadeira 12B '!$E24-' Carregadeira 12B '!$D24 -> 8.5 | G24: =' Carregadeira 12B '!$F24-10 -> -1.5
B25: 45252 | C25: =MONTH(B25)& "-" &YEAR(B25) -> 11-2023 | D25: =E24 -> 1623.8 | E25: 1629.9 | F25: =' Carregadeira 12B '!$E25-' Carregadeira 12B '!$D25 -> 6.1 | G25: =' Carregadeira 12B '!$F25-10 -> -3.9
B26: 45253 | C26: =MONTH(B26)& "-" &YEAR(B26) -> 11-2023 | D26: =E25 -> 1629.9 | E26: 1637.3 | F26: =' Carregadeira 12B '!$E26-' Carregadeira 12B '!$D26 -> 7.4 | G26: =' Carregadeira 12B '!$F26-10 -> -2.6
B27: 45254 | C27: =MONTH(B27)& "-" &YEAR(B27) -> 11-2023 | D27: =E26 -> 1637.3 | E27: 1641.2 | F27: =' Carregadeira 12B '!$E27-' Carregadeira 12B '!$D27 -> 3.9 | G27: =' Carregadeira 12B '!$F27-10 -> -6.1
B28: 45255 | C28: =MONTH(B28)& "-" &YEAR(B28) -> 11-2023 | F28: =' Carregadeira 12B '!$E28-' Carregadeira 12B '!$D28 -> 0 | G28: =' Carregadeira 12B '!$F28-10 -> -10
B29: 45256 | C29: =MONTH(B29)& "-" &YEAR(B29) -> 11-2023 | D29: =E28 | F29: =' Carregadeira 12B '!$E29-' Carregadeira 12B '!$D29 -> 0 | G29: =' Carregadeira 12B '!$F29-10 -> -10
B30: 45257 | C30: =MONTH(B30)& "-" &YEAR(B30) -> 11-2023 | D30: =E29 | F30: =' Carregadeira 12B '!$E30-' Carregadeira 12B '!$D30 -> 0 | G30: =' Carregadeira 12B '!$F30-10 -> -10
B31: 45258 | C31: =MONTH(B31)& "-" &YEAR(B31) -> 11-2023 | D31: 1641.2 | E31: 1647.9 | F31: =' Carregadeira 12B '!$E31-' Carregadeira 12B '!$D31 -> 6.7 | G31: =' Carregadeira 12B '!$F31-10 -> -3.3 | H31: 220
B32: 45259 | C32: =MONTH(B32)& "-" &YEAR(B32) -> 11-2023 | D32: =E31 -> 1647.9 | E32: 1651.2 | F32: =' Carregadeira 12B '!$E32-' Carregadeira 12B '!$D32 -> 3.3 | G32: =' Carregadeira 12B '!$F32-10 -> -6.7
B33: 45260 | C33: =MONTH(B33)& "-" &YEAR(B33) -> 11-2023 | D33: =E32 -> 1651.2 | E33: 1659.6 | F33: =' Carregadeira 12B '!$E33-' Carregadeira 12B '!$D33 -> 8.4 | G33: =' Carregadeira 12B '!$F33-10 -> -1.6
B34: 45261 | C34: =MONTH(B34)& "-" &YEAR(B34) -> 12-2023 | D34: 1659.6 | E34: 1666.3 | F34: =' Carregadeira 12B '!$E34-' Carregadeira 12B '!$D34 -> 6.7 | G34: =' Carregadeira 12B '!$F34-10 -> -3.3
B35: 45262 | C35: =MONTH(B35)& "-" &YEAR(B35) -> 12-2023 | D35: =E34 -> 1666.3 | E35: 1672.2 | F35: =' Carregadeira 12B '!$E35-' Carregadeira 12B '!$D35 -> 5.9 | G35: =' Carregadeira 12B '!$F35-10 -> -4.1
B36: 45263 | C36: =MONTH(B36)& "-" &YEAR(B36) -> 12-2023 | F36: =' Carregadeira 12B '!$E36-' Carregadeira 12B '!$D36 -> 0 | G36: =' Carregadeira 12B '!$F36-10 -> -10
B37: 45264 | C37: =MONTH(B37)& "-" &YEAR(B37) -> 12-2023 | D37: 1672.2 | E37: 1679.5 | F37: =' Carregadeira 12B '!$E37-' Carregadeira 12B '!$D37 -> 7.3 | G37: =' Carregadeira 12B '!$F37-10 -> -2.7
B38: 45265 | C38: =MONTH(B38)& "-" &YEAR(B38) -> 12-2023 | D38: =E37 -> 1679.5 | E38: 1687.2 | F38: =' Carregadeira 12B '!$E38-' Carregadeira 12B '!$D38 -> 7.7 | G38: =' Carregadeira 12B '!$F38-10 -> -2.3
B39: 45266 | C39: =MONTH(B39)& "-" &YEAR(B39) -> 12-2023 | D39: =E38 -> 1687.2 | E39: 1694.4 | F39: =' Carregadeira 12B '!$E39-' Carregadeira 12B '!$D39 -> 7.2 | G39: =' Carregadeira 12B '!$F39-10 -> -2.8 | H39: 220
B40: 45267 | C40: =MONTH(B40)& "-" &YEAR(B40) -> 12-2023 | D40: =E39 -> 1694.4 | E40: 1703 | F40: =' Carregadeira 12B '!$E40-' Carregadeira 12B '!$D40 -> 8.6 | G40: =' Carregadeira 12B '!$F40-10 -> -1.4
B41: 45268 | C41: =MONTH(B41)& "-" &YEAR(B41) -> 12-2023 | D41: =E40 -> 1703 | E41: 1711.3 | F41: =' Carregadeira 12B '!$E41-' Carregadeira 12B '!$D41 -> 8.3 | G41: =' Carregadeira 12B '!$F41-10 -> -1.7 | H41: 80
B42: 45269 | C42: =MONTH(B42)& "-" &YEAR(B42) -> 12-2023 | D42: =E41 -> 1711.3 | E42: 1717.3 | F42: =' Carregadeira 12B '!$E42-' Carregadeira 12B '!$D42 -> 6 | G42: =' Carregadeira 12B '!$F42-10 -> -4
B43: 45270 | C43: =MONTH(B43)& "-" &YEAR(B43) -> 12-2023 | F43: =' Carregadeira 12B '!$E43-' Carregadeira 12B '!$D43 -> 0 | G43: =' Carregadeira 12B '!$F43-10 -> -10
B44: 45271 | C44: =MONTH(B44)& "-" &YEAR(B44) -> 12-2023 | D44: 1717.3 | E44: 1723.7 | F44: =' Carregadeira 12B '!$E44-' Carregadeira 12B '!$D44 -> 6.4 | G44: =' Carregadeira 12B '!$F44-10 -> -3.6
B45: 45272 | C45: =MONTH(B45)& "-" &YEAR(B45) -> 12-2023 | D45: =E44 -> 1723.7 | E45: 1729.4 | F45: =' Carregadeira 12B '!$E45-' Carregadeira 12B '!$D45 -> 5.7 | G45: =' Carregadeira 12B '!$F45-10 -> -4.3 | H45: 110
B46: 45273 | C46: =MONTH(B46)& "-" &YEAR(B46) -> 12-2023 | D46: =E45 -> 1729.4 | E46: 1734.4 | F46: =' Carregadeira 12B '!$E46-' Carregadeira 12B '!$D46 -> 5 | G46: =' Carregadeira 12B '!$F46-10 -> -5
B47: 45274 | C47: =MONTH(B47)& "-" &YEAR(B47) -> 12-2023 | D47: =E46 -> 1734.4 | E47: 1740.6 | F47: =' Carregadeira 12B '!$E47-' Carregadeira 12B '!$D47 -> 6.2 | G47: =' Carregadeira 12B '!$F47-10 -> -3.8
B48: 45275 | C48: =MONTH(B48)& "-" &YEAR(B48) -> 12-2023 | D48: =E47 -> 1740.6 | E48: 1748.6 | F48: =' Carregadeira 12B '!$E48-' Carregadeira 12B '!$D48 -> 8 | G48: =' Carregadeira 12B '!$F48-10 -> -2
B49: 45276 | C49: =MONTH(B49)& "-" &YEAR(B49) -> 12-2023 | D49: =E48 -> 1748.6 | E49: 1754.5 | F49: =' Carregadeira 12B '!$E49-' Carregadeira 12B '!$D49 -> 5.9 | G49: =' Carregadeira 12B '!$F49-10 -> -4.1
B50: 45277 | C50: =MONTH(B50)& "-" &YEAR(B50) -> 12-2023 | F50: =' Carregadeira 12B '!$E50-' Carregadeira 12B '!$D50 -> 0 | G50: =' Carregadeira 12B '!$F50-10 -> -10
B51: 45278 | C51: =MONTH(B51)& "-" &YEAR(B51) -> 12-2023 | D51: 1754.5 | E51: 1763.8 | F51: =' Carregadeira 12B '!$E51-' Carregadeira 12B '!$D51 -> 9.3 | G51: =' Carregadeira 12B '!$F51-10 -> -0.7 | H51: 220
B52: 45279 | C52: =MONTH(B52)& "-" &YEAR(B52) -> 12-2023 | D52: =E51 -> 1763.8 | E52: 1771.8 | F52: =' Carregadeira 12B '!$E52-' Carregadeira 12B '!$D52 -> 8 | G52: =' Carregadeira 12B '!$F52-10 -> -2
B53: 45280 | C53: =MONTH(B53)& "-" &YEAR(B53) -> 12-2023 | D53: =E52 -> 1771.8 | E53: 1778.9 | F53: =' Carregadeira 12B '!$E53-' Carregadeira 12B '!$D53 -> 7.1 | G53: =' Carregadeira 12B '!$F53-10 -> -2.9 | H53: 210
B54: 45281 | C54: =MONTH(B54)& "-" &YEAR(B54) -> 12-2023 | D54: =E53 -> 1778.9 | E54: 1788.2 | F54: =' Carregadeira 12B '!$E54-' Carregadeira 12B '!$D54 -> 9.3 | G54: =' Carregadeira 12B '!$F54-10 -> -0.7
B55: 45282 | C55: =MONTH(B55)& "-" &YEAR(B55) -> 12-2023 | D55: =E54 -> 1788.2 | E55: 1796.8 | F55: =' Carregadeira 12B '!$E55-' Carregadeira 12B '!$D55 -> 8.6 | G55: =' Carregadeira 12B '!$F55-10 -> -1.4
B56: 45283 | C56: =MONTH(B56)& "-" &YEAR(B56) -> 12-2023 | F56: =' Carregadeira 12B '!$E56-' Carregadeira 12B '!$D56 -> 0 | G56: =' Carregadeira 12B '!$F56-10 -> -10
B57: 45284 | C57: =MONTH(B57)& "-" &YEAR(B57) -> 12-2023 | D57: =E56 | F57: =' Carregadeira 12B '!$E57-' Carregadeira 12B '!$D57 -> 0 | G57: =' Carregadeira 12B '!$F57-10 -> -10
B58: 45285 | C58: =MONTH(B58)& "-" &YEAR(B58) -> 12-2023 | D58: =E57 | F58: =' Carregadeira 12B '!$E58-' Carregadeira 12B '!$D58 -> 0 | G58: =' Carregadeira 12B '!$F58-10 -> -10
B59: 45286 | C59: =MONTH(B59)& "-" &YEAR(B59) -> 12-2023 | D59: 1796.8 | E59: 1804 | F59: =' Carregadeira 12B '!$E59-' Carregadeira 12B '!$D59 -> 7.2 | G59: =' Carregadeira 12B '!$F59-10 -> -2.8
B60: 45287 | C60: =MONTH(B60)& "-" &YEAR(B60) -> 12-2023 | D60: =E59 -> 1804 | E60: 1812 | F60: =' Carregadeira 12B '!$E60-' Carregadeira 12B '!$D60 -> 8 | G60: =' Carregadeira 12B '!$F60-10 -> -2
B61: 45288 | C61: =MONTH(B61)& "-" &YEAR(B61) -> 12-2023 | D61: =E60 -> 1812 | E61: 1821 | F61: =' Carregadeira 12B '!$E61-' Carregadeira 12B '!$D61 -> 9 | G61: =' Carregadeira 12B '!$F61-10 -> -1 | H61: 220
B62: 45289 | C62: =MONTH(B62)& "-" &YEAR(B62) -> 12-2023 | D62: =E61 -> 1821 | E62: 1829.9 | F62: =' Carregadeira 12B '!$E62-' Carregadeira 12B '!$D62 -> 8.9 | G62: =' Carregadeira 12B '!$F62-10 -> -1.1
B63: 45290 | C63: =MONTH(B63)& "-" &YEAR(B63) -> 12-2023 | F63: =' Carregadeira 12B '!$E63-' Carregadeira 12B '!$D63 -> 0 | G63: =' Carregadeira 12B '!$F63-10 -> -10
B64: 45291 | C64: =MONTH(B64)& "-" &YEAR(B64) -> 12-2023 | D64: =E63 | F64: =' Carregadeira 12B '!$E64-' Carregadeira 12B '!$D64 -> 0 | G64: =' Carregadeira 12B '!$F64-10 -> -10
B65: 45292 | C65: =MONTH(B65)& "-" &YEAR(B65) -> 1-2024 | F65: =' Carregadeira 12B '!$E65-' Carregadeira 12B '!$D65 -> 0 | G65: =F65-10 -> -10
B66: 45293 | C66: =MONTH(B66)& "-" &YEAR(B66) -> 1-2024 | D66: 1829.9 | E66: 1832.8 | F66: =' Carregadeira 12B '!$E66-' Carregadeira 12B '!$D66 -> 2.9 | G66: =' Carregadeira 12B '!$F66-10 -> -7.1
B67: 45294 | C67: =MONTH(B67)& "-" &YEAR(B67) -> 1-2024 | D67: =E66 -> 1832.8 | E67: 1841.8 | F67: =' Carregadeira 12B '!$E67-' Carregadeira 12B '!$D67 -> 9 | G67: =' Carregadeira 12B '!$F67-10 -> -1 | H67: 220
B68: 45295 | C68: =MONTH(B68)& "-" &YEAR(B68) -> 1-2024 | D68: =E67 -> 1841.8 | E68: 1848.8 | F68: =' Carregadeira 12B '!$E68-' Carregadeira 12B '!$D68 -> 7 | G68: =' Carregadeira 12B '!$F68-10 -> -3
B69: 45296 | C69: =MONTH(B69)& "-" &YEAR(B69) -> 1-2024 | D69: =E68 -> 1848.8 | E69: 1851.6 | F69: =' Carregadeira 12B '!$E69-' Carregadeira 12B '!$D69 -> 2.8 | G69: =' Carregadeira 12B '!$F69-10 -> -7.2 | H69: 100
B70: 45297 | C70: =MONTH(B70)& "-" &YEAR(B70) -> 1-2024 | D70: 1851.6 | E70: 1857.6 | F70: =' Carregadeira 12B '!$E70-' Carregadeira 12B '!$D70 -> 6 | G70: =' Carregadeira 12B '!$F70-10 -> -4
B71: 45298 | C71: =MONTH(B71)& "-" &YEAR(B71) -> 1-2024 | F71: =' Carregadeira 12B '!$E71-' Carregadeira 12B '!$D71 -> 0 | G71: =' Carregadeira 12B '!$F71-10 -> -10
B72: 45299 | C72: =MONTH(B72)& "-" &YEAR(B72) -> 1-2024 | D72: 1857.6 | E72: 1866.4 | F72: =' Carregadeira 12B '!$E72-' Carregadeira 12B '!$D72 -> 8.8 | G72: =' Carregadeira 12B '!$F72-10 -> -1.2
B73: 45300 | C73: =MONTH(B73)& "-" &YEAR(B73) -> 1-2024 | D73: =E72 -> 1866.4 | E73: 1868.6 | F73: =' Carregadeira 12B '!$E73-' Carregadeira 12B '!$D73 -> 2.2 | G73: =' Carregadeira 12B '!$F73-10 -> -7.8
B74: 45301 | C74: =MONTH(B74)& "-" &YEAR(B74) -> 1-2024 | D74: =E73 -> 1868.6 | E74: 1871.7 | F74: =' Carregadeira 12B '!$E74-' Carregadeira 12B '!$D74 -> 3.1 | G74: =' Carregadeira 12B '!$F74-10 -> -6.9
B75: 45302 | C75: =MONTH(B75)& "-" &YEAR(B75) -> 1-2024 | D75: =E74 -> 1871.7 | E75: 1878.3 | F75: =' Carregadeira 12B '!$E75-' Carregadeira 12B '!$D75 -> 6.6 | G75: =' Carregadeira 12B '!$F75-10 -> -3.4 | H75: 215
B76: 45303 | C76: =MONTH(B76)& "-" &YEAR(B76) -> 1-2024 | D76: =E75 -> 1878.3 | E76: 1887.3 | F76: =' Carregadeira 12B '!$E76-' Carregadeira 12B '!$D76 -> 9 | G76: =' Carregadeira 12B '!$F76-10 -> -1
B77: 45304 | C77: =MONTH(B77)& "-" &YEAR(B77) -> 1-2024 | D77: =E76 -> 1887.3 | E77: 1893.3 | F77: =' Carregadeira 12B '!$E77-' Carregadeira 12B '!$D77 -> 6 | G77: =' Carregadeira 12B '!$F77-10 -> -4
B78: 45305 | C78: =MONTH(B78)& "-" &YEAR(B78) -> 1-2024 | F78: =' Carregadeira 12B '!$E78-' Carregadeira 12B '!$D78 -> 0 | G78: =' Carregadeira 12B '!$F78-10 -> -10
B79: 45306 | C79: =MONTH(B79)& "-" &YEAR(B79) -> 1-2024 | D79: 1893.3 | E79: 1902.7 | F79: =' Carregadeira 12B '!$E79-' Carregadeira 12B '!$D79 -> 9.4 | G79: =' Carregadeira 12B '!$F79-10 -> -0.6
B80: 45307 | C80: =MONTH(B80)& "-" &YEAR(B80) -> 1-2024 | D80: =E79 -> 1902.7 | E80: 1911.8 | F80: =' Carregadeira 12B '!$E80-' Carregadeira 12B '!$D80 -> 9.1 | G80: =' Carregadeira 12B '!$F80-10 -> -0.9 | H80: 220
B81: 45308 | C81: =MONTH(B81)& "-" &YEAR(B81) -> 1-2024 | F81: =' Carregadeira 12B '!$E81-' Carregadeira 12B '!$D81 -> 0 | G81: =' Carregadeira 12B '!$F81-10 -> -10
B82: 45309 | C82: =MONTH(B82)& "-" &YEAR(B82) -> 1-2024 | D82: 1911.8 | E82: 1916.5 | F82: =' Carregadeira 12B '!$E82-' Carregadeira 12B '!$D82 -> 4.7 | G82: =' Carregadeira 12B '!$F82-10 -> -5.3
B83: 45310 | C83: =MONTH(B83)& "-" &YEAR(B83) -> 1-2024 | D83: =E82 -> 1916.5 | E83: 1923.5 | F83: =' Carregadeira 12B '!$E83-' Carregadeira 12B '!$D83 -> 7 | G83: =' Carregadeira 12B '!$F83-10 -> -3
B84: 45311 | C84: =MONTH(B84)& "-" &YEAR(B84) -> 1-2024 | D84: =E83 -> 1923.5 | E84: 1930.1 | F84: =' Carregadeira 12B '!$E84-' Carregadeira 12B '!$D84 -> 6.6 | G84: =' Carregadeira 12B '!$F84-10 -> -3.4
B85: 45312 | C85: =MONTH(B85)& "-" &YEAR(B85) -> 1-2024 | F85: =' Carregadeira 12B '!$E85-' Carregadeira 12B '!$D85 -> 0 | G85: =' Carregadeira 12B '!$F85-10 -> -10
B86: 45313 | C86: =MONTH(B86)& "-" &YEAR(B86) -> 1-2024 | D86: 1930.1 | E86: 1940.1 | F86: =' Carregadeira 12B '!$E86-' Carregadeira 12B '!$D86 -> 10 | G86: =' Carregadeira 12B '!$F86-10 -> 0
B87: 45314 | C87: =MONTH(B87)& "-" &YEAR(B87) -> 1-2024 | D87: =E86 -> 1940.1 | E87: 1949.1 | F87: =' Carregadeira 12B '!$E87-' Carregadeira 12B '!$D87 -> 9 | G87: =' Carregadeira 12B '!$F87-10 -> -1 | H87: 220
B88: 45315 | C88: =MONTH(B88)& "-" &YEAR(B88) -> 1-2024 | D88: =E87 -> 1949.1 | E88: 1957.4 | F88: =' Carregadeira 12B '!$E88-' Carregadeira 12B '!$D88 -> 8.3 | G88: =' Carregadeira 12B '!$F88-10 -> -1.7
B89: 45316 | C89: =MONTH(B89)& "-" &YEAR(B89) -> 1-2024 | D89: =E88 -> 1957.4 | E89: 1964.1 | F89: =' Carregadeira 12B '!$E89-' Carregadeira 12B '!$D89 -> 6.7 | G89: =' Carregadeira 12B '!$F89-10 -> -3.3 | H89: 220
B90: 45317 | C90: =MONTH(B90)& "-" &YEAR(B90) -> 1-2024 | D90: =E89 -> 1964.1 | E90: 1972.5 | F90: =' Carregadeira 12B '!$E90-' Carregadeira 12B '!$D90 -> 8.4 | G90: =' Carregadeira 12B '!$F90-10 -> -1.6
B91: 45318 | C91: =MONTH(B91)& "-" &YEAR(B91) -> 1-2024 | D91: =E90 -> 1972.5 | E91: 1973 | F91: =' Carregadeira 12B '!$E91-' Carregadeira 12B '!$D91 -> 0.5 | G91: =' Carregadeira 12B '!$F91-10 -> -9.5 | H91: 80
B92: 45319 | C92: =MONTH(B92)& "-" &YEAR(B92) -> 1-2024 | F92: =' Carregadeira 12B '!$E92-' Carregadeira 12B '!$D92 -> 0 | G92: =' Carregadeira 12B '!$F92-10 -> -10
B93: 45320 | C93: =MONTH(B93)& "-" &YEAR(B93) -> 1-2024 | D93: 1973 | E93: 1982.4 | F93: =' Carregadeira 12B '!$E93-' Carregadeira 12B '!$D93 -> 9.4 | G93: =' Carregadeira 12B '!$F93-10 -> -0.6
B94: 45321 | C94: =MONTH(B94)& "-" &YEAR(B94) -> 1-2024 | D94: =E93 -> 1982.4 | E94: 1990.8 | F94: =' Carregadeira 12B '!$E94-' Carregadeira 12B '!$D94 -> 8.4 | G94: =' Carregadeira 12B '!$F94-10 -> -1.6
B95: 45322 | C95: =MONTH(B95)& "-" &YEAR(B95) -> 1-2024 | D95: =E94 -> 1990.8 | E95: 1994.3 | F95: =' Carregadeira 12B '!$E95-' Carregadeira 12B '!$D95 -> 3.5 | G95: =' Carregadeira 12B '!$F95-10 -> -6.5
B96: 45323 | C96: =MONTH(B96)& "-" &YEAR(B96) -> 2-2024 | D96: 1994.3 | E96: 2002.1 | F96: =' Carregadeira 12B '!$E96-' Carregadeira 12B '!$D96 -> 7.8 | G96: =' Carregadeira 12B '!$F96-10 -> -2.2
B97: 45324 | C97: =MONTH(B97)& "-" &YEAR(B97) -> 2-2024 | D97: =E96 -> 2002.1 | E97: 2010.7 | F97: =' Carregadeira 12B '!$E97-' Carregadeira 12B '!$D97 -> 8.6 | G97: =' Carregadeira 12B '!$F97-10 -> -1.4 | H97: 190
B98: 45325 | C98: =MONTH(B98)& "-" &YEAR(B98) -> 2-2024 | D98: =E97 -> 2010.7 | E98: 2015.5 | F98: =' Carregadeira 12B '!$E98-' Carregadeira 12B '!$D98 -> 4.8 | G98: =' Carregadeira 12B '!$F98-10 -> -5.2
B99: 45326 | C99: =MONTH(B99)& "-" &YEAR(B99) -> 2-2024 | F99: =' Carregadeira 12B '!$E99-' Carregadeira 12B '!$D99 -> 0 | G99: =' Carregadeira 12B '!$F99-10 -> -10
B100: 45327 | C100: =MONTH(B100)& "-" &YEAR(B100) -> 2-2024 | D100: 2015.5 | E100: 2023.5 | F100: =' Carregadeira 12B '!$E100-' Carregadeira 12B '!$D100 -> 8 | G100: =' Carregadeira 12B '!$F100-10 -> -2
B101: 45328 | C101: =MONTH(B101)& "-" &YEAR(B101) -> 2-2024 | D101: =E100 -> 2023.5 | E101: 2025.3 | F101: =' Carregadeira 12B '!$E101-' Carregadeira 12B '!$D101 -> 1.8 | G101: =' Carregadeira 12B '!$F101-10 -> -8.2
B102: 45329 | C102: =MONTH(B102)& "-" &YEAR(B102) -> 2-2024 | D102: =E101 -> 2025.3 | E102: 2034.3 | F102: =' Carregadeira 12B '!$E102-' Carregadeira 12B '!$D102 -> 9 | G102: =' Carregadeira 12B '!$F102-10 -> -1
...

Sheet 7D2 
B3: Dia | C3: Chave | D3: H inicial | E3: H final | F3: Hora/ Dia | G3: Extra | H3: Diesel
B4: 45231 | C4: =MONTH(B4)& "-" &YEAR(B4) -> 11-2023 | D4: 7306.9 | E4: 7314.3 | F4: ='7D2 '!$E4-'7D2 '!$D4 -> 7.4 | G4: ='7D2 '!$F4-10 -> -2.6
B5: 45231 | C5: =MONTH(B5)& "-" &YEAR(B5) -> 11-2023 | D5: =E4 -> 7314.3 | E5: 7315.5 | F5: ='7D2 '!$E5-'7D2 '!$D5 -> 1.2 | G5: ='7D2 '!$F5-10 -> -8.8 | H5: 180
B6: 45232 | C6: =MONTH(B6)& "-" &YEAR(B6) -> 11-2023 | D6: =E5 -> 7315.5 | E6: 7323.7 | F6: ='7D2 '!$E6-'7D2 '!$D6 -> 8.2 | G6: ='7D2 '!$F6-10 -> -1.8
B7: 45233 | C7: =MONTH(B7)& "-" &YEAR(B7) -> 11-2023 | D7: 7323.7 | E7: 7333.2 | F7: ='7D2 '!$E7-'7D2 '!$D7 -> 9.5 | G7: ='7D2 '!$F7-10 -> -0.5 | H7: 100
B8: 45234 | C8: =MONTH(B8)& "-" &YEAR(B8) -> 11-2023 | D8: 7333.2 | E8: 7334 | F8: ='7D2 '!$E8-'7D2 '!$D8 -> 0.8 | G8: ='7D2 '!$F8-10 -> -9.2
B9: 45235 | C9: =MONTH(B9)& "-" &YEAR(B9) -> 11-2023 | F9: ='7D2 '!$E9-'7D2 '!$D9 -> 0 | G9: ='7D2 '!$F9-10 -> -10
B10: 45236 | C10: =MONTH(B10)& "-" &YEAR(B10) -> 11-2023 | D10: 7334 | E10: 7347.3 | F10: ='7D2 '!$E10-'7D2 '!$D10 -> 13.3 | G10: ='7D2 '!$F10-10 -> 3.3 | H10: 200
B11: 45237 | C11: =MONTH(B11)& "-" &YEAR(B11) -> 11-2023 | D11: =E10 -> 7347.3 | E11: 7353.5 | F11: ='7D2 '!$E11-'7D2 '!$D11 -> 6.2 | G11: ='7D2 '!$F11-10 -> -3.8
B12: 45238 | C12: =MONTH(B12)& "-" &YEAR(B12) -> 11-2023 | D12: 715.8 | E12: 723.4 | F12: ='7D2 '!$E12-'7D2 '!$D12 -> 7.6 | G12: ='7D2 '!$F12-10 -> -2.4
B13: 45239 | C13: =MONTH(B13)& "-" &YEAR(B13) -> 11-2023 | D13: =E12 -> 723.4 | E13: 728 | F13: ='7D2 '!$E13-'7D2 '!$D13 -> 4.6 | G13: ='7D2 '!$F13-10 -> -5.4
B14: 45239 | C14: =MONTH(B14)& "-" &YEAR(B14) -> 11-2023 | D14: =E13 -> 728 | E14: 731.6 | F14: ='7D2 '!$E14-'7D2 '!$D14 -> 3.6 | G14: ='7D2 '!$F14-10 -> -6.4 | H14: 120
B15: 45240 | C15: =MONTH(B15)& "-" &YEAR(B15) -> 11-2023 | D15: =E14 -> 731.6 | E15: 740.6 | F15: ='7D2 '!$E15-'7D2 '!$D15 -> 9 | G15: ='7D2 '!$F15-10 -> -1
B16: 45241 | C16: =MONTH(B16)& "-" &YEAR(B16) -> 11-2023 | D16: =E15 -> 740.6 | E16: 744.4 | F16: ='7D2 '!$E16-'7D2 '!$D16 -> 3.8 | G16: ='7D2 '!$F16-10 -> -6.2
B17: 45242 | C17: =MONTH(B17)& "-" &YEAR(B17) -> 11-2023 | F17: ='7D2 '!$E17-'7D2 '!$D17 -> 0 | G17: ='7D2 '!$F17-10 -> -10
B18: 45243 | C18: =MONTH(B18)& "-" &YEAR(B18) -> 11-2023 | D18: 744.4 | E18: 754.4 | F18: ='7D2 '!$E18-'7D2 '!$D18 -> 10 | G18: ='7D2 '!$F18-10 -> 0 | H18: 165
B19: 45244 | C19: =MONTH(B19)& "-" &YEAR(B19) -> 11-2023 | D19: =E18 -> 754.4 | E19: 763.8 | F19: ='7D2 '!$E19-'7D2 '!$D19 -> 9.4 | G19: ='7D2 '!$F19-10 -> -0.6
B20: 45245 | C20: =MONTH(B20)& "-" &YEAR(B20) -> 11-2023 | D20: =E19 -> 763.8 | E20: 772.3 | F20: ='7D2 '!$E20-'7D2 '!$D20 -> 8.5 | G20: ='7D2 '!$F20-10 -> -1.5
B21: 45246 | C21: =MONTH(B21)& "-" &YEAR(B21) -> 11-2023 | D21: =E20 -> 772.3 | E21: 778 | F21: ='7D2 '!$E21-'7D2 '!$D21 -> 5.7 | G21: ='7D2 '!$F21-10 -> -4.3 | H21: 100
B22: 45247 | C22: =MONTH(B22)& "-" &YEAR(B22) -> 11-2023 | D22: =E21 -> 778 | E22: 785.7 | F22: ='7D2 '!$E22-'7D2 '!$D22 -> 7.7 | G22: ='7D2 '!$F22-10 -> -2.3
B23: 45248 | C23: =MONTH(B23)& "-" &YEAR(B23) -> 11-2023 | D23: =E22 -> 785.7 | E23: 789.8 | F23: ='7D2 '!$E23-'7D2 '!$D23 -> 4.1 | G23: ='7D2 '!$F23-10 -> -5.9
B24: 45249 | C24: =MONTH(B24)& "-" &YEAR(B24) -> 11-2023 | F24: ='7D2 '!$E24-'7D2 '!$D24 -> 0 | G24: ='7D2 '!$F24-10 -> -10
B25: 45250 | C25: =MONTH(B25)& "-" &YEAR(B25) -> 11-2023 | D25: =E24 | F25: ='7D2 '!$E25-'7D2 '!$D25 -> 0 | G25: ='7D2 '!$F25-10 -> -10
B26: 45251 | C26: =MONTH(B26)& "-" &YEAR(B26) -> 11-2023 | D26: =E25 | F26: ='7D2 '!$E26-'7D2 '!$D26 -> 0 | G26: ='7D2 '!$F26-10 -> -10
B27: 45252 | C27: =MONTH(B27)& "-" &YEAR(B27) -> 11-2023 | D27: =E26 | F27: ='7D2 '!$E27-'7D2 '!$D27 -> 0 | G27: ='7D2 '!$F27-10 -> -10
B28: 45253 | C28: =MONTH(B28)& "-" &YEAR(B28) -> 11-2023 | D28: =E27 | F28: ='7D2 '!$E28-'7D2 '!$D28 -> 0 | G28: ='7D2 '!$F28-10 -> -10
B29: 45254 | C29: =MONTH(B29)& "-" &YEAR(B29) -> 11-2023 | D29: 789.8 | E29: 798.9 | F29: ='7D2 '!$E29-'7D2 '!$D29 -> 9.1 | G29: ='7D2 '!$F29-10 -> -0.9
B30: 45255 | C30: =MONTH(B30)& "-" &YEAR(B30) -> 11-2023 | D30: =E29 -> 798.9 | E30: 801.7 | F30: ='7D2 '!$E30-'7D2 '!$D30 -> 2.8 | G30: ='7D2 '!$F30-10 -> -7.2
B31: 45256 | C31: =MONTH(B31)& "-" &YEAR(B31) -> 11-2023 | F31: ='7D2 '!$E31-'7D2 '!$D31 -> 0 | G31: ='7D2 '!$F31-10 -> -10
B32: 45257 | C32: =MONTH(B32)& "-" &YEAR(B32) -> 11-2023 | D32: 801.7 | E32: 808.9 | F32: ='7D2 '!$E32-'7D2 '!$D32 -> 7.2 | G32: ='7D2 '!$F32-10 -> -2.8
B33: 45258 | C33: =MONTH(B33)& "-" &YEAR(B33) -> 11-2023 | F33: ='7D2 '!$E33-'7D2 '!$D33 -> 0 | G33: ='7D2 '!$F33-10 -> -10 | H33: 100
B34: 45259 | C34: =MONTH(B34)& "-" &YEAR(B34) -> 11-2023 | D34: =E33 | F34: ='7D2 '!$E34-'7D2 '!$D34 -> 0 | G34: ='7D2 '!$F34-10 -> -10
B35: 45260 | C35: =MONTH(B35)& "-" &YEAR(B35) -> 11-2023 | D35: 808.9 | E35: 813.8 | F35: ='7D2 '!$E35-'7D2 '!$D35 -> 4.9 | G35: ='7D2 '!$F35-10 -> -5.1
B36: 45261 | C36: =MONTH(B36)& "-" &YEAR(B36) -> 12-2023 | D36: 813.8 | E36: 822.1 | F36: ='7D2 '!$E36-'7D2 '!$D36 -> 8.3 | G36: ='7D2 '!$F36-10 -> -1.7
B37: 45262 | C37: =MONTH(B37)& "-" &YEAR(B37) -> 12-2023 | D37: 822.1 | E37: 828.1 | F37: ='7D2 '!$E37-'7D2 '!$D37 -> 6 | G37: ='7D2 '!$F37-10 -> -4
B38: 45263 | C38: =MONTH(B38)& "-" &YEAR(B38) -> 12-2023 | F38: ='7D2 '!$E38-'7D2 '!$D38 -> 0 | G38: ='7D2 '!$F38-10 -> -10
B39: 45264 | C39: =MONTH(B39)& "-" &YEAR(B39) -> 12-2023 | F39: ='7D2 '!$E39-'7D2 '!$D39 -> 0 | G39: ='7D2 '!$F39-10 -> -10
B40: 45265 | C40: =MONTH(B40)& "-" &YEAR(B40) -> 12-2023 | D40: 828.1 | E40: 836.8 | F40: ='7D2 '!$E40-'7D2 '!$D40 -> 8.7 | G40: ='7D2 '!$F40-10 -> -1.3
B41: 45266 | C41: =MONTH(B41)& "-" &YEAR(B41) -> 12-2023 | D41: =E40 -> 836.8 | E41: 841.7 | F41: ='7D2 '!$E41-'7D2 '!$D41 -> 4.9 | G41: ='7D2 '!$F41-10 -> -5.1 | H41: 80
B42: 45267 | C42: =MONTH(B42)& "-" &YEAR(B42) -> 12-2023 | D42: =E41 -> 841.7 | E42: 850.6 | F42: ='7D2 '!$E42-'7D2 '!$D42 -> 8.9 | G42: ='7D2 '!$F42-10 -> -1.1
B43: 45268 | C43: =MONTH(B43)& "-" &YEAR(B43) -> 12-2023 | D43: =E42 -> 850.6 | E43: 859.3 | F43: ='7D2 '!$E43-'7D2 '!$D43 -> 8.7 | G43: ='7D2 '!$F43-10 -> -1.3 | H43: 290
B44: 45269 | C44: =MONTH(B44)& "-" &YEAR(B44) -> 12-2023 | D44: =E43 -> 859.3 | E44: 865.2 | F44: ='7D2 '!$E44-'7D2 '!$D44 -> 5.9 | G44: ='7D2 '!$F44-10 -> -4.1
B45: 45270 | C45: =MONTH(B45)& "-" &YEAR(B45) -> 12-2023 | F45: ='7D2 '!$E45-'7D2 '!$D45 -> 0 | G45: ='7D2 '!$F45-10 -> -10
B46: 45271 | C46: =MONTH(B46)& "-" &YEAR(B46) -> 12-2023 | D46: 865.2 | E46: 868.8 | F46: ='7D2 '!$E46-'7D2 '!$D46 -> 3.6 | G46: ='7D2 '!$F46-10 -> -6.4
B47: 45272 | C47: =MONTH(B47)& "-" &YEAR(B47) -> 12-2023 | D47: =E46 -> 868.8 | E47: 877.9 | F47: ='7D2 '!$E47-'7D2 '!$D47 -> 9.1 | G47: ='7D2 '!$F47-10 -> -0.9
B48: 45273 | C48: =MONTH(B48)& "-" &YEAR(B48) -> 12-2023 | D48: =E47 -> 877.9 | E48: 883.5 | F48: ='7D2 '!$E48-'7D2 '!$D48 -> 5.6 | G48: ='7D2 '!$F48-10 -> -4.4
B49: 45274 | C49: =MONTH(B49)& "-" &YEAR(B49) -> 12-2023 | D49: =E48 -> 883.5 | E49: 891.6 | F49: ='7D2 '!$E49-'7D2 '!$D49 -> 8.1 | G49: ='7D2 '!$F49-10 -> -1.9
B50: 45275 | C50: =MONTH(B50)& "-" &YEAR(B50) -> 12-2023 | D50: =E49 -> 891.6 | E50: 899.2 | F50: ='7D2 '!$E50-'7D2 '!$D50 -> 7.6 | G50: ='7D2 '!$F50-10 -> -2.4
B51: 45276 | C51: =MONTH(B51)& "-" &YEAR(B51) -> 12-2023 | D51: =E50 -> 899.2 | E51: 904.5 | F51: ='7D2 '!$E51-'7D2 '!$D51 -> 5.3 | G51: ='7D2 '!$F51-10 -> -4.7 | H51: 225
B52: 45277 | C52: =MONTH(B52)& "-" &YEAR(B52) -> 12-2023 | F52: ='7D2 '!$E52-'7D2 '!$D52 -> 0 | G52: ='7D2 '!$F52-10 -> -10
B53: 45278 | C53: =MONTH(B53)& "-" &YEAR(B53) -> 12-2023 | D53: 904.5 | E53: 914.3 | F53: ='7D2 '!$E53-'7D2 '!$D53 -> 9.8 | G53: ='7D2 '!$F53-10 -> -0.2
B54: 45279 | C54: =MONTH(B54)& "-" &YEAR(B54) -> 12-2023 | F54: ='7D2 '!$E54-'7D2 '!$D54 -> 0 | G54: ='7D2 '!$F54-10 -> -10
B55: 45280 | C55: =MONTH(B55)& "-" &YEAR(B55) -> 12-2023 | D55: =E54 | F55: ='7D2 '!$E55-'7D2 '!$D55 -> 0 | G55: ='7D2 '!$F55-10 -> -10
B56: 45281 | C56: =MONTH(B56)& "-" &YEAR(B56) -> 12-2023 | D56: =E55 | F56: ='7D2 '!$E56-'7D2 '!$D56 -> 0 | G56: ='7D2 '!$F56-10 -> -10
B57: 45282 | C57: =MONTH(B57)& "-" &YEAR(B57) -> 12-2023 | D57: =E56 | F57: ='7D2 '!$E57-'7D2 '!$D57 -> 0 | G57: ='7D2 '!$F57-10 -> -10
B58: 45283 | C58: =MONTH(B58)& "-" &YEAR(B58) -> 12-2023 | D58: =E57 | F58: ='7D2 '!$E58-'7D2 '!$D58 -> 0 | G58: ='7D2 '!$F58-10 -> -10
B59: 45284 | C59: =MONTH(B59)& "-" &YEAR(B59) -> 12-2023 | D59: =E58 | F59: ='7D2 '!$E59-'7D2 '!$D59 -> 0 | G59: ='7D2 '!$F59-10 -> -10
B60: 45285 | C60: =MONTH(B60)& "-" &YEAR(B60) -> 12-2023 | D60: =E59 | F60: ='7D2 '!$E60-'7D2 '!$D60 -> 0 | G60: ='7D2 '!$F60-10 -> -10
B61: 45286 | C61: =MONTH(B61)& "-" &YEAR(B61) -> 12-2023 | D61: =E60 | F61: ='7D2 '!$E61-'7D2 '!$D61 -> 0 | G61: ='7D2 '!$F61-10 -> -10
B62: 45287 | C62: =MONTH(B62)& "-" &YEAR(B62) -> 12-2023 | D62: =E61 | F62: ='7D2 '!$E62-'7D2 '!$D62 -> 0 | G62: ='7D2 '!$F62-10 -> -10
B63: 45288 | C63: =MONTH(B63)& "-" &YEAR(B63) -> 12-2023 | D63: =E62 | F63: ='7D2 '!$E63-'7D2 '!$D63 -> 0 | G63: ='7D2 '!$F63-10 -> -10
B64: 45289 | C64: =MONTH(B64)& "-" &YEAR(B64) -> 12-2023 | D64: =E63 | F64: ='7D2 '!$E64-'7D2 '!$D64 -> 0 | G64: ='7D2 '!$F64-10 -> -10
B65: 45290 | C65: =MONTH(B65)& "-" &YEAR(B65) -> 12-2023 | D65: =E64 | F65: ='7D2 '!$E65-'7D2 '!$D65 -> 0 | G65: ='7D2 '!$F65-10 -> -10
B66: 45291 | C66: =MONTH(B66)& "-" &YEAR(B66) -> 12-2023 | D66: =E65 | F66: ='7D2 '!$E66-'7D2 '!$D66 -> 0 | G66: ='7D2 '!$F66-10 -> -10
... B97: 45322 | C97: =MONTH(B97)& "-" &YEAR(B97) -> 1-2024 | D97: =E96 | F97: ='7D2 '!$E97-'7D2 '!$D97 -> 0 | G97: ='7D2 '!$F97-10 -> -10
B98: 45323 | C98: =MONTH(B98)& "-" &YEAR(B98) -> 2-2024 | F98: ='7D2 '!$E98-'7D2 '!$D98 -> 0 | G98: ='7D2 '!$F98-10 -> -10
B99: 45324 | C99: =MONTH(B99)& "-" &YEAR(B99) -> 2-2024 | F99: ='7D2 '!$E99-'7D2 '!$D99 -> 0 | G99: ='7D2 '!$F99-10 -> -10
B100: 45325 | C100: =MONTH(B100)& "-" &YEAR(B100) -> 2-2024 | F100: ='7D2 '!$E100-'7D2 '!$D100 -> 0 | G100: ='7D2 '!$F100-10 -> -10
B101: 45326 | C101: =MONTH(B101)& "-" &YEAR(B101) -> 2-2024 | F101: ='7D2 '!$E101-'7D2 '!$D101 -> 0 | G101: ='7D2 '!$F101-10 -> -10
B102: 45327 | C102: =MONTH(B102)& "-" &YEAR(B102) -> 2-2024 | F102: ='7D2 '!$E102-'7D2 '!$D102 -> 0 | G102: ='7D2 '!$F102-10 -> -10
B103: 45328 | C103: =MONTH(B103)& "-" &YEAR(B103) -> 2-2024 | F103: ='7D2 '!$E103-'7D2 '!$D103 -> 0 | G103: ='7D2 '!$F103-10 -> -10
B104: 45329 | C104: =MONTH(B104)& "-" &YEAR(B104) -> 2-2024 | F104: ='7D2 '!$E104-'7D2 '!$D104 -> 0 | G104: ='7D2 '!$F104-10 -> -10
B105: 45330 | C105: =MONTH(B105)& "-" &YEAR(B105) -> 2-2024 | D105: 918.6 | E105: 922.6 | F105: ='7D2 '!$E105-'7D2 '!$D105 -> 4 | G105: ='7D2 '!$F105-10 -> -6
B106: 45331 | C106: =MONTH(B106)& "-" &YEAR(B106) -> 2-2024 | D106: =E105 -> 922.6 | E106: 927.7 | F106: ='7D2 '!$E106-'7D2 '!$D106 -> 5.1 | G106: ='7D2 '!$F106-10 -> -4.9
B107: 45332 | C107: =MONTH(B107)& "-" &YEAR(B107) -> 2-2024 | D107: =E106 -> 927.7 | E107: 935 | F107: ='7D2 '!$E107-'7D2 '!$D107 -> 7.3 | G107: ='7D2 '!$F107-10 -> -2.7
B108: 45333 | C108: =MONTH(B108)& "-" &YEAR(B108) -> 2-2024 | F108: ='7D2 '!$E108-'7D2 '!$D108 -> 0 | G108: ='7D2 '!$F108-10 -> -10
B109: 45334 | C109: =MONTH(B109)& "-" &YEAR(B109) -> 2-2024 | D109: 935 | E109: 943.5 | F109: ='7D2 '!$E109-'7D2 '!$D109 -> 8.5 | G109: ='7D2 '!$F109-10 -> -1.5
B110: 45335 | C110: =MONTH(B110)& "-" &YEAR(B110) -> 2-2024 | D110: =E109 -> 943.5 | E110: 952.5 | F110: ='7D2 '!$E110-'7D2 '!$D110 -> 9 | G110: ='7D2 '!$F110-10 -> -1
B111: 45336 | C111: =MONTH(B111)& "-" &YEAR(B111) -> 2-2024 | D111: =E110 -> 952.5 | E111: 961 | F111: ='7D2 '!$E111-'7D2 '!$D111 -> 8.5 | G111: ='7D2 '!$F111-10 -> -1.5
B112: 45337 | C112: =MONTH(B112)& "-" &YEAR(B112) -> 2-2024 | D112: =E111 -> 961 | E112: 968.3 | F112: ='7D2 '!$E112-'7D2 '!$D112 -> 7.3 | G112: ='7D2 '!$F112-10 -> -2.7
B113: 45338 | C113: =MONTH(B113)& "-" &YEAR(B113) -> 2-2024 | D113: =E112 -> 968.3 | E113: 973.8 | F113: ='7D2 '!$E113-'7D2 '!$D113 -> 5.5 | G113: ='7D2 '!$F113-10 -> -4.5
B114: 45339 | C114: =MONTH(B114)& "-" &YEAR(B114) -> 2-2024 | D114: =E113 -> 973.8 | E114: 978.4 | F114: ='7D2 '!$E114-'7D2 '!$D114 -> 4.6 | G114: ='7D2 '!$F114-10 -> -5.4
B115: 45340 | C115: =MONTH(B115)& "-" &YEAR(B115) -> 2-2024 | F115: ='7D2 '!$E115-'7D2 '!$D115 -> 0 | G115: ='7D2 '!$F115-10 -> -10
B116: 45341 | C116: =MONTH(B116)& "-" &YEAR(B116) -> 2-2024 | F116: ='7D2 '!$E116-'7D2 '!$D116 -> 0 | G116: ='7D2 '!$F116-10 -> -10
B117: 45342 | C117: =MONTH(B117)& "-" &YEAR(B117) -> 2-2024 | D117: 978.4 | E117: 980.2 | F117: ='7D2 '!$E117-'7D2 '!$D117 -> 1.8 | G117: ='7D2 '!$F117-10 -> -8.2
B118: 45343 | C118: =MONTH(B118)& "-" &YEAR(B118) -> 2-2024 | D118: =E117 -> 980.2 | E118: 986.3 | F118: ='7D2 '!$E118-'7D2 '!$D118 -> 6.1 | G118: ='7D2 '!$F118-10 -> -3.9
B119: 45344 | C119: =MONTH(B119)& "-" &YEAR(B119) -> 2-2024 | D119: =E118 -> 986.3 | E119: 994.2 | F119: ='7D2 '!$E119-'7D2 '!$D119 -> 7.9 | G119: ='7D2 '!$F119-10 -> -2.1
B120: 45345 | C120: =MONTH(B120)& "-" &YEAR(B120) -> 2-2024 | D120: =E119 -> 994.2 | E120: 997.8 | F120: ='7D2 '!$E120-'7D2 '!$D120 -> 3.6 | G120: ='7D2 '!$F120-10 -> -6.4
B121: 45346 | C121: =MONTH(B121)& "-" &YEAR(B121) -> 2-2024 | F121: ='7D2 '!$E121-'7D2 '!$D121 -> 0 | G121: ='7D2 '!$F121-10 -> -10
B122: 45347 | C122: =MONTH(B122)& "-" &YEAR(B122) -> 2-2024 | D122: 997.8 | E122: 999.6 | F122: ='7D2 '!$E122-'7D2 '!$D122 -> 1.8 | G122: ='7D2 '!$F122-10 -> -8.2
B123: 45348 | C123: =MONTH(B123)& "-" &YEAR(B123) -> 2-2024 | D123: =E122 -> 999.6 | E123: 1002.8 | F123: ='7D2 '!$E123-'7D2 '!$D123 -> 3.2 | G123: ='7D2 '!$F123-10 -> -6.8
B124: 45349 | C124: =MONTH(B124)& "-" &YEAR(B124) -> 2-2024 | D124: =E123 -> 1002.8 | E124: 1011.3 | F124: ='7D2 '!$E124-'7D2 '!$D124 -> 8.5 | G124: ='7D2 '!$F124-10 -> -1.5
B125: 45350 | C125: =MONTH(B125)& "-" &YEAR(B125) -> 2-2024 | D125: =E124 -> 1011.3 | E125: 1022.2 | F125: ='7D2 '!$E125-'7D2 '!$D125 -> 10.9 | G125: ='7D2 '!$F125-10 -> 0.9
B126: 45351 | C126: =MONTH(B126)& "-" &YEAR(B126) -> 2-2024 | D126: =E125 -> 1022.2 | E126: 1029.9 | F126: ='7D2 '!$E126-'7D2 '!$D126 -> 7.7 | G126: ='7D2 '!$F126-10 -> -2.3
B127: 45352 | C127: =MONTH(B127)& "-" &YEAR(B127) -> 3-2024 | F127: ='7D2 '!$E127-'7D2 '!$D127 -> 0 | G127: ='7D2 '!$F127-10 -> -10
B128: 45353 | C128: =MONTH(B128)& "-" &YEAR(B128) -> 3-2024 | D128: =E127 | F128: ='7D2 '!$E128-'7D2 '!$D128 -> 0 | G128: ='7D2 '!$F128-10 -> -10
B129: 45354 | C129: =MONTH(B129)& "-" &YEAR(B129) -> 3-2024 | D129: =E128 | F129: ='7D2 '!$E129-'7D2 '!$D129 -> 0 | G129: ='7D2 '!$F129-10 -> -10
B130: 45355 | C130: =MONTH(B130)& "-" &YEAR(B130) -> 3-2024 | D130: =E129 | F130: ='7D2 '!$E130-'7D2 '!$D130 -> 0 | G130: ='7D2 '!$F130-10 -> -10
B131: 45356 | C131: =MONTH(B131)& "-" &YEAR(B131) -> 3-2024 | D131: =E130 | F131: ='7D2 '!$E131-'7D2 '!$D131 -> 0 | G131: ='7D2 '!$F131-10 -> -10
B132: 45357 | C132: =MONTH(B132)& "-" &YEAR(B132) -> 3-2024 | D132: =E131 | F132: ='7D2 '!$E132-'7D2 '!$D132 -> 0 | G132: ='7D2 '!$F132-10 -> -10
...

Sheet Horímetros
A1: 2023
B2: Anderson | N2: Silvinho | T2: Caio | Z2: Samuel | AF2: Tamiro | AL2: Mimi | AR2: Sirlânio - Guri
A5: Setembro | B5: DATA | C5: INICIO | D5: FINAL | E5: TOTAL | F5: extras | H5: DATA | I5: INICIO | J5: FINAL | K5: TOTAL | L5: extras | N5: DATA | O5: INICIO | P5: FINAL | Q5: TOTAL | R5: extras | T5: DATA | U5: INICIO | V5: FINAL | W5: TOTAL | X5: extras | Z5: DATA | AA5: INICIO | AB5: FINAL | AC5: TOTAL | AD5: extras | AF5: DATA | AG5: INICIO | AH5: FINAL | AI5: TOTAL | AJ5: extras | AL5: DATA | AM5: INICIO | AN5: FINAL | AO5: TOTAL | AP5: extras | AR5: DATA | AS5: INICIO | AT5: FINAL | AU5: TOTAL | AV5: extras | AX5: DATA | AY5: INICIO | AZ5: FINAL | BA5: TOTAL | BB5: extras
B6: 45170 | C6: 2114 | D6: 2117 | E6: =D6-C6 -> 3 | F6: =E6-10 -> -7 | H6: 45170 | K6: =J6-I6 -> 0 | L6: =K6-10 -> -10 | N6: 45170 | O6: 1908.2 | P6: 1912.2 | Q6: =P6-O6 -> 4 | R6: =Q6-10 -> -6 | T6: 45170 | U6: 3075.6 | V6: 3085.1 | W6: =V6-U6 -> 9.5 | X6: =W6-10 -> -0.5 | Z6: 45170 | AA6: 1147.7 | AB6: 1155.7 | AC6: =AB6-AA6 -> 8 | AD6: =AC6-10 -> -2 | AF6: 45170 | AI6: =AH6-AG6 -> 0 | AJ6: =AI6-10 -> -10 | AL6: 45170 | AO6: =AN6-AM6 -> 0 | AP6: =AO6-10 -> -10 | AR6: 45170 | AS6: 6911.2 | AT6: 6920.6 | AU6: =AT6-AS6 -> 9.4 | AV6: =AU6-10 -> -0.6 | AX6: 45170 | BA6: =AZ6-AY6 -> 0 | BB6: =BA6-10 -> -10
B7: 45171 | C7: =D6 -> 2117 | D7: 2121 | E7: =D7-C7 -> 4 | F7: =E7-10 -> -6 | H7: 45171 | I7: =J6 | K7: =J7-I7 -> 0 | L7: =K7-10 -> -10 | N7: 45171 | O7: =P6 -> 1912.2 | P7: 1922.2 | Q7: =P7-O7 -> 10 | R7: =Q7-10 -> 0 | T7: 45171 | U7: =V6 -> 3085.1 | V7: 3090.6 | W7: =V7-U7 -> 5.5 | X7: =W7-10 -> -4.5 | Z7: 45171 | AA7: =AB6 -> 1155.7 | AB7: 1160.3 | AC7: =AB7-AA7 -> 4.6 | AD7: =AC7-10 -> -5.4 | AF7: 45171 | AG7: =AH6 | AI7: =AH7-AG7 -> 0 | AJ7: =AI7-10 -> -10 | AL7: 45171 | AM7: =AN6 | AO7: =AN7-AM7 -> 0 | AP7: =AO7-10 -> -10 | AR7: 45171 | AS7: =AT6 -> 6920.6 | AT7: 6929.2 | AU7: =AT7-AS7 -> 8.6 | AV7: =AU7-10 -> -1.4 | AX7: 45171 | AY7: =AZ6 | BA7: =AZ7-AY7 -> 0 | BB7: =BA7-10 -> -10
B8: 45172 | E8: =D8-C8 -> 0 | F8: =E8-10 -> -10 | H8: 45172 | I8: =J7 | K8: =J8-I8 -> 0 | L8: =K8-10 -> -10 | N8: 45172 | O8: =P7 -> 1922.2 | P8: 1932.3 | Q8: =P8-O8 -> 10.1 | R8: =Q8-10 -> 0.1 | T8: 45172 | W8: =V8-U8 -> 0 | X8: =W8-10 -> -10 | Z8: 45172 | AC8: =AB8-AA8 -> 0 | AD8: =AC8-10 -> -10 | AF8: 45172 | AG8: =AH7 | AI8: =AH8-AG8 -> 0 | AJ8: =AI8-10 -> -10 | AL8: 45172 | AM8: =AN7 | AO8: =AN8-AM8 -> 0 | AP8: =AO8-10 -> -10 | AR8: 45172 | AU8: =AT8-AS8 -> 0 | AV8: =AU8-10 -> -10 | AX8: 45172 | AY8: =AZ7 | BA8: =AZ8-AY8 -> 0 | BB8: =BA8-10 -> -10
B9: 45173 | C9: 2121 | D9: 2125 | E9: =D9-C9 -> 4 | F9: =E9-10 -> -6 | H9: 45173 | I9: =J8 | K9: =J9-I9 -> 0 | L9: =K9-10 -> -10 | N9: 45173 | O9: =P8 -> 1932.3 | P9: 1942 | Q9: =P9-O9 -> 9.7 | R9: =Q9-10 -> -0.3 | T9: 45173 | U9: 3090.6 | V9: 3100.6 | W9: =V9-U9 -> 10 | X9: =W9-10 -> 0 | Z9: 45173 | AA9: 1160.3 | AB9: 1170.8 | AC9: =AB9-AA9 -> 10.5 | AD9: =AC9-10 -> 0.5 | AF9: 45173 | AG9: =AH8 | AI9: =AH9-AG9 -> 0 | AJ9: =AI9-10 -> -10 | AL9: 45173 | AM9: =AN8 | AO9: =AN9-AM9 -> 0 | AP9: =AO9-10 -> -10 | AR9: 45173 | AS9: 6926.5 | AT9: 6935.7 | AU9: =AT9-AS9 -> 9.2 | AV9: =AU9-10 -> -0.8 | AX9: 45173 | AY9: =AZ8 | BA9: =AZ9-AY9 -> 0 | BB9: =BA9-10 -> -10
B10: 45174 | C10: =D9 -> 2125 | D10: 2132 | E10: =D10-C10 -> 7 | F10: =E10-10 -> -3 | H10: 45174 | I10: =J9 | K10: =J10-I10 -> 0 | L10: =K10-10 -> -10 | N10: 45174 | O10: =P9 -> 1942 | P10: 1952 | Q10: =P10-O10 -> 10 | R10: =Q10-10 -> 0 | T10: 45174 | U10: =V9 -> 3100.6 | V10: 3111.2 | W10: =V10-U10 -> 10.6 | X10: =W10-10 -> 0.6 | Z10: 45174 | AA10: =AB9 -> 1170.8 | AB10: 1178.9 | AC10: =AB10-AA10 -> 8.1 | AD10: =AC10-10 -> -1.9 | AF10: 45174 | AG10: =AH9 | AI10: =AH10-AG10 -> 0 | AJ10: =AI10-10 -> -10 | AL10: 45174 | AM10: =AN9 | AO10: =AN10-AM10 -> 0 | AP10: =AO10-10 -> -10 | AR10: 45174 | AS10: =AT9 -> 6935.7 | AT10: 6944.9 | AU10: =AT10-AS10 -> 9.2 | AV10: =AU10-10 -> -0.8 | AX10: 45174 | AY10: =AZ9 | BA10: =AZ10-AY10 -> 0 | BB10: =BA10-10 -> -10
B11: 45175 | C11: =D10 -> 2132 | D11: 2140 | E11: =D11-C11 -> 8 | F11: =E11-10 -> -2 | H11: 45175 | I11: =J10 | K11: =J11-I11 -> 0 | L11: =K11-10 -> -10 | N11: 45175 | O11: =P10 -> 1952 | P11: 1964.1 | Q11: =P11-O11 -> 12.1 | R11: =Q11-10 -> 2.1 | T11: 45175 | U11: =V10 -> 3111.2 | V11: 3120.6 | W11: =V11-U11 -> 9.4 | X11: =W11-10 -> -0.6 | Z11: 45175 | AA11: =AB10 -> 1178.9 | AB11: 1188.9 | AC11: =AB11-AA11 -> 10 | AD11: =AC11-10 -> 0 | AF11: 45175 | AG11: =AH10 | AI11: =AH11-AG11 -> 0 | AJ11: =AI11-10 -> -10 | AL11: 45175 | AM11: =AN10 | AO11: =AN11-AM11 -> 0 | AP11: =AO11-10 -> -10 | AR11: 45175 | AS11: =AT10 -> 6944.9 | AT11: 6954.1 | AU11: =AT11-AS11 -> 9.2 | AV11: =AU11-10 -> -0.8 | AX11: 45175 | AY11: =AZ10 | BA11: =AZ11-AY11 -> 0 | BB11: =BA11-10 -> -10
B12: 45176 | C12: =D11 -> 2140 | D12: 2144 | E12: =D12-C12 -> 4 | F12: =E12-10 -> -6 | H12: 45176 | I12: =J11 | K12: =J12-I12 -> 0 | L12: =K12-10 -> -10 | N12: 45176 | O12: =P11 -> 1964.1 | P12: 1976.1 | Q12: =P12-O12 -> 12 | R12: =Q12-10 -> 2 | T12: 45176 | U12: 3126/15875,1 | V12: 3128,2/ 15880,9 | W12: 8 | X12: =W12-10 -> -2 | Z12: 45176 | AA12: =AB11 -> 1188.9 | AB12: 1197.7 | AC12: =AB12-AA12 -> 8.8 | AD12: =AC12-10 -> -1.2 | AF12: 45176 | AG12: =AH11 | AI12: =AH12-AG12 -> 0 | AJ12: =AI12-10 -> -10 | AL12: 45176 | AM12: =AN11 | AO12: =AN12-AM12 -> 0 | AP12: =AO12-10 -> -10 | AR12: 45176 | AS12: =AT11 -> 6954.1 | AT12: 6962.9 | AU12: =AT12-AS12 -> 8.8 | AV12: =AU12-10 -> -1.2 | AX12: 45176 | AY12: =AZ11 | BA12: =AZ12-AY12 -> 0 | BB12: =BA12-10 -> -10
B13: 45177 | C13: =D12 -> 2144 | D13: 2154 | E13: =D13-C13 -> 10 | F13: =E13-10 -> 0 | H13: 45177 | I13: =J12 | K13: =J13-I13 -> 0 | L13: =K13-10 -> -10 | N13: 45177 | O13: =P12 -> 1976.1 | P13: 1983.1 | Q13: =P13-O13 -> 7 | R13: =Q13-10 -> -3 | T13: 45177 | U13: 3128.2 | V13: 3138.2 | W13: =V13-U13 -> 10 | X13: =W13-10 -> 0 | Z13: 45177 | AA13: =AB12 -> 1197.7 | AB13: 1207.1 | AC13: =AB13-AA13 -> 9.4 | AD13: =AC13-10 -> -0.6 | AF13: 45177 | AG13: =AH12 | AI13: =AH13-AG13 -> 0 | AJ13: =AI13-10 -> -10 | AL13: 45177 | AM13: =AN12 | AO13: =AN13-AM13 -> 0 | AP13: =AO13-10 -> -10 | AR13: 45177 | AS13: =AT12 -> 6962.9 | AT13: 6972.2 | AU13: =AT13-AS13 -> 9.3 | AV13: =AU13-10 -> -0.7 | AX13: 45177 | AY13: =AZ12 | BA13: =AZ13-AY13 -> 0 | BB13: =BA13-10 -> -10
B14: 45178 | E14: =D14-C14 -> 0 | F14: =E14-10 -> -10 | H14: 45178 | I14: =J13 | K14: =J14-I14 -> 0 | L14: =K14-10 -> -10 | N14: 45178 | O14: =P13 -> 1983.1 | P14: 1994.2 | Q14: =P14-O14 -> 11.1 | R14: =Q14-10 -> 1.1 | T14: 45178 | W14: =V14-U14 -> 0 | X14: =W14-10 -> -10 | Z14: 45178 | AA14: =AB13 -> 1207.1 | AB14: 1214.8 | AC14: =AB14-AA14 -> 7.7 | AD14: =AC14-10 -> -2.3 | AF14: 45178 | AG14: =AH13 | AI14: =AH14-AG14 -> 0 | AJ14: =AI14-10 -> -10 | AL14: 45178 | AM14: =AN13 | AO14: =AN14-AM14 -> 0 | AP14: =AO14-10 -> -10 | AR14: 45178 | AS14: =AT13 -> 6972.2 | AT14: 6979.1 | AU14: =AT14-AS14 -> 6.9 | AV14: =AU14-10 -> -3.1 | AX14: 45178 | AY14: =AZ13 | BA14: =AZ14-AY14 -> 0 | BB14: =BA14-10 -> -10
B15: 45179 | C15: =D14 | E15: =D15-C15 -> 0 | F15: =E15-10 -> -10 | H15: 45179 | I15: =J14 | K15: =J15-I15 -> 0 | L15: =K15-10 -> -10 | N15: 45179 | O15: =P14 -> 1994.2 | P15: 2005.2 | Q15: =P15-O15 -> 11 | R15: =Q15-10 -> 1 | T15: 45179 | W15: =V15-U15 -> 0 | X15: =W15-10 -> -10 | Z15: 45179 | AA15: =AB14 -> 1214.8 | AB15: 1221.7 | AC15: =AB15-AA15 -> 6.9 | AD15: =AC15-10 -> -3.1 | AF15: 45179 | AG15: =AH14 | AI15: =AH15-AG15 -> 0 | AJ15: =AI15-10 -> -10 | AL15: 45179 | AM15: =AN14 | AO15: =AN15-AM15 -> 0 | AP15: =AO15-10 -> -10 | AR15: 45179 | AS15: =AT14 -> 6979.1 | AT15: 6985.7 | AU15: =AT15-AS15 -> 6.6 | AV15: =AU15-10 -> -3.4 | AX15: 45179 | AY15: =AZ14 | BA15: =AZ15-AY15 -> 0 | BB15: =BA15-10 -> -10
B16: 45180 | C16: 2154 | D16: 2161 | E16: =D16-C16 -> 7 | F16: =E16-10 -> -3 | H16: 45180 | I16: =J15 | K16: =J16-I16 -> 0 | L16: =K16-10 -> -10 | N16: 45180 | O16: =P15 -> 2005.2 | P16: 2017.2 | Q16: =P16-O16 -> 12 | R16: =Q16-10 -> 2 | T16: 45180 | U16: 15880.9 | V16: 15886.1 | W16: =V16-U16 -> 5.2 | X16: =W16-10 -> -4.8 | Z16: 45180 | AC16: =AB16-AA16 -> 0 | AD16: =AC16-10 -> -10 | AF16: 45180 | AG16: =AH15 | AI16: =AH16-AG16 -> 0 | AJ16: =AI16-10 -> -10 | AL16: 45180 | AM16: =AN15 | AO16: =AN16-AM16 -> 0 | AP16: =AO16-10 -> -10 | AR16: 45180 | AS16: =AT15 -> 6985.7 | AT16: 6995.1 | AU16: =AT16-AS16 -> 9.4 | AV16: =AU16-10 -> -0.6 | AX16: 45180 | AY16: =AZ15 | BA16: =AZ16-AY16 -> 0 | BB16: =BA16-10 -> -10
B17: 45181 | E17: =D17-C17 -> 0 | F17: =E17-10 -> -10 | H17: 45181 | I17: =J16 | K17: =J17-I17 -> 0 | L17: =K17-10 -> -10 | N17: 45181 | O17: =P16 -> 2017.2 | P17: 2023.3 | Q17: =P17-O17 -> 6.1 | R17: =Q17-10 -> -3.9 | T17: 45181 | U17: 3143.4 | V17: 3151.8 | W17: =V17-U17 -> 8.4 | X17: =W17-10 -> -1.6 | Z17: 45181 | AA17: 1221.7 | AB17: 1230.1 | AC17: =AB17-AA17 -> 8.4 | AD17: =AC17-10 -> -1.6 | AF17: 45181 | AG17: =AH16 | AI17: =AH17-AG17 -> 0 | AJ17: =AI17-10 -> -10 | AL17: 45181 | AM17: =AN16 | AO17: =AN17-AM17 -> 0 | AP17: =AO17-10 -> -10 | AR17: 45181 | AS17: =AT16 -> 6995.1 | AT17: 6997.9 | AU17: =AT17-AS17 -> 2.8 | AV17: =AU17-10 -> -7.2 | AX17: 45181 | AY17: =AZ16 | BA17: =AZ17-AY17 -> 0 | BB17: =BA17-10 -> -10
B18: 45182 | C18: =D17 | E18: =D18-C18 -> 0 | F18: =E18-10 -> -10 | H18: 45182 | I18: =J17 | K18: =J18-I18 -> 0 | L18: =K18-10 -> -10 | N18: 45182 | O18: =P17 -> 2023.3 | P18: 2035.2 | Q18: =P18-O18 -> 11.9 | R18: =Q18-10 -> 1.9 | T18: 45182 | U18: =V17 -> 3151.8 | V18: 3162.8 | W18: =V18-U18 -> 11 | X18: =W18-10 -> 1 | Z18: 45182 | AA18: =AB17 -> 1230.1 | AB18: 1237.6 | AC18: =AB18-AA18 -> 7.5 | AD18: =AC18-10 -> -2.5 | AF18: 45182 | AG18: =AH17 | AI18: =AH18-AG18 -> 0 | AJ18: =AI18-10 -> -10 | AL18: 45182 | AM18: =AN17 | AO18: =AN18-AM18 -> 0 | AP18: =AO18-10 -> -10 | AR18: 45182 | AS18: =AT17 -> 6997.9 | AT18: 7006.4 | AU18: =AT18-AS18 -> 8.5 | AV18: =AU18-10 -> -1.5 | AX18: 45182 | AY18: =AZ17 | BA18: =AZ18-AY18 -> 0 | BB18: =BA18-10 -> -10
B19: 45183 | C19: =D18 | E19: =D19-C19 -> 0 | F19: =E19-10 -> -10 | H19: 45183 | I19: =J18 | K19: =J19-I19 -> 0 | L19: =K19-10 -> -10 | N19: 45183 | O19: =P18 -> 2035.2 | P19: 2038.4 | Q19: =P19-O19 -> 3.2 | R19: =Q19-10 -> -6.8 | T19: 45183 | U19: =V18 -> 3162.8 | V19: 3172.2 | W19: =V19-U19 -> 9.4 | X19: =W19-10 -> -0.6 | Z19: 45183 | AA19: =AB18 -> 1237.6 | AB19: 1243.9 | AC19: =AB19-AA19 -> 6.3 | AD19: =AC19-10 -> -3.7 | AF19: 45183 | AG19: =AH18 | AI19: =AH19-AG19 -> 0 | AJ19: =AI19-10 -> -10 | AL19: 45183 | AM19: =AN18 | AO19: =AN19-AM19 -> 0 | AP19: =AO19-10 -> -10 | AR19: 45183 | AS19: =AT18 -> 7006.4 | AT19: 7014.6 | AU19: =AT19-AS19 -> 8.2 | AV19: =AU19-10 -> -1.8 | AX19: 45183 | AY19: =AZ18 | BA19: =AZ19-AY19 -> 0 | BB19: =BA19-10 -> -10
B20: 45184 | C20: =D19 | E20: =D20-C20 -> 0 | F20: =E20-10 -> -10 | H20: 45184 | I20: =J19 | K20: =J20-I20 -> 0 | L20: =K20-10 -> -10 | N20: 45184 | Q20: =P20-O20 -> 0 | R20: =Q20-10 -> -10 | T20: 45184 | U20: =V19 -> 3172.2 | V20: 3181 | W20: =V20-U20 -> 8.8 | X20: =W20-10 -> -1.2 | Z20: 45184 | AA20: =AB19 -> 1243.9 | AB20: 1252 | AC20: =AB20-AA20 -> 8.1 | AD20: =AC20-10 -> -1.9 | AF20: 45184 | AG20: =AH19 | AI20: =AH20-AG20 -> 0 | AJ20: =AI20-10 -> -10 | AL20: 45184 | AM20: =AN19 | AO20: =AN20-AM20 -> 0 | AP20: =AO20-10 -> -10 | AR20: 45184 | AS20: =AT19 -> 7014.6 | AT20: 7019.8 | AU20: =AT20-AS20 -> 5.2 | AV20: =AU20-10 -> -4.8 | AX20: 45184 | AY20: =AZ19 | BA20: =AZ20-AY20 -> 0 | BB20: =BA20-10 -> -10
B21: 45185 | C21: =D20 | E21: =D21-C21 -> 0 | F21: =E21-10 -> -10 | H21: 45185 | I21: =J20 | K21: =J21-I21 -> 0 | L21: =K21-10 -> -10 | N21: 45185 | O21: =P20 | Q21: =P21-O21 -> 0 | R21: =Q21-10 -> -10 | T21: 45185 | U21: =V20 -> 3181 | V21: 3183.1 | X21: =W21-10 -> -10 | Z21: 45185 | AC21: =AB21-AA21 -> 0 | AD21: =AC21-10 -> -10 | AF21: 45185 | AG21: =AH20 | AI21: =AH21-AG21 -> 0 | AJ21: =AI21-10 -> -10 | AL21: 45185 | AM21: =AN20 | AO21: =AN21-AM21 -> 0 | AP21: =AO21-10 -> -10 | AR21: 45185 | AU21: =AT21-AS21 -> 0 | AV21: =AU21-10 -> -10 | AX21: 45185 | AY21: =AZ20 | BA21: =AZ21-AY21 -> 0 | BB21: =BA21-10 -> -10
